2026-04-14 00:33:29 | INFO     | app.main | MatML API starting up — loading ML models...
2026-04-14 00:33:31 | INFO     | app.ml.loader | Loaded model artifact: concrete_best_model.pkl
2026-04-14 00:33:31 | INFO     | app.ml.loader | Loaded model artifact: concrete_scaler.pkl
2026-04-14 00:33:32 | INFO     | app.ml.loader | Loaded model artifact: steel_best_model.pkl
2026-04-14 00:33:32 | INFO     | app.ml.loader | Loaded model artifact: steel_scaler.pkl
2026-04-14 00:33:32 | ERROR    | app.ml.loader | Failed to load materials_reg_model.pkl: module 'sklearn._loss._loss' has no attribute '__pyx_unpickle_CyHalfSquaredError'
2026-04-14 00:33:32 | INFO     | app.ml.loader | Loaded model artifact: materials_cls_model.pkl
2026-04-14 00:33:32 | INFO     | app.ml.loader | Loaded model artifact: materials_scaler.pkl
2026-04-14 00:33:32 | INFO     | app.ml.loader | Models ready: ['concrete_model', 'concrete_scaler', 'steel_model', 'steel_scaler', 'materials_cls_model', 'materials_scaler']
2026-04-14 00:33:32 | WARNING  | app.ml.loader | Models in MOCK mode: ['materials_reg_model']
2026-04-14 00:33:32 | INFO     | app.main | Startup complete. Live models: ['concrete_model', 'concrete_scaler', 'steel_model', 'steel_scaler', 'materials_cls_model', 'materials_scaler']
2026-04-14 00:46:19 | INFO     | app.routers.concrete | Concrete prediction request received: {'cement': 540.0, 'blast_furnace_slag': 0.0, 'fly_ash': 0.0, 'water': 162.0, 'superplasticizer': 2.5, 'coarse_aggregate': 1040.0, 'fine_aggregate': 676.0, 'age': 28}
2026-04-14 00:46:19 | ERROR    | app.services.concrete_service | Concrete prediction failed: The feature names should match those that were passed during fit.
Feature names unseen at fit time:
- age
- blast_furnace_slag
- cement
- coarse_aggregate
- fine_aggregate
- ...
Feature names seen at fit time, yet now missing:
- Age (day)
- Blast Furnace Slag (component 2)(kg in a m^3 mixture)
- Cement (component 1)(kg in a m^3 mixture)
- Coarse Aggregate  (component 6)(kg in a m^3 mixture)
- Fine Aggregate (component 7)(kg in a m^3 mixture)
- ...
Traceback (most recent call last):
  File "C:\Users\abhis\Downloads\MatMl-Spurtii\backend\app\services\concrete_service.py", line 36, in run_concrete_prediction
    result = predict_concrete(model, scaler, input_data)
  File "C:\Users\abhis\Downloads\MatMl-Spurtii\backend\app\ml\inference.py", line 65, in predict_concrete
    X_scaled = scaler.transform(X)
  File "C:\Users\abhis\AppData\Local\Programs\Python\Python314\Lib\site-packages\sklearn\utils\_set_output.py", line 316, in wrapped
    data_to_wrap = f(self, X, *args, **kwargs)
  File "C:\Users\abhis\AppData\Local\Programs\Python\Python314\Lib\site-packages\sklearn\preprocessing\_data.py", line 1094, in transform
    X = validate_data(
        self,
    ...<6 lines>...
        ensure_all_finite="allow-nan",
    )
  File "C:\Users\abhis\AppData\Local\Programs\Python\Python314\Lib\site-packages\sklearn\utils\validation.py", line 2877, in validate_data
    _check_feature_names(_estimator, X, reset=reset)
    ~~~~~~~~~~~~~~~~~~~~^^^^^^^^^^^^^^^^^^^^^^^^^^^^
  File "C:\Users\abhis\AppData\Local\Programs\Python\Python314\Lib\site-packages\sklearn\utils\validation.py", line 2729, in _check_feature_names
    raise ValueError(message)
ValueError: The feature names should match those that were passed during fit.
Feature names unseen at fit time:
- age
- blast_furnace_slag
- cement
- coarse_aggregate
- fine_aggregate
- ...
Feature names seen at fit time, yet now missing:
- Age (day)
- Blast Furnace Slag (component 2)(kg in a m^3 mixture)
- Cement (component 1)(kg in a m^3 mixture)
- Coarse Aggregate  (component 6)(kg in a m^3 mixture)
- Fine Aggregate (component 7)(kg in a m^3 mixture)
- ...

2026-04-14 00:46:19 | WARNING  | app.routers.concrete | Concrete validation error: The feature names should match those that were passed during fit.
Feature names unseen at fit time:
- age
- blast_furnace_slag
- cement
- coarse_aggregate
- fine_aggregate
- ...
Feature names seen at fit time, yet now missing:
- Age (day)
- Blast Furnace Slag (component 2)(kg in a m^3 mixture)
- Cement (component 1)(kg in a m^3 mixture)
- Coarse Aggregate  (component 6)(kg in a m^3 mixture)
- Fine Aggregate (component 7)(kg in a m^3 mixture)
- ...

2026-04-14 00:46:21 | INFO     | app.routers.steel | Steel prediction request received: {'c': 0.02, 'mn': 0.05, 'si': 0.05, 'cr': 0.01, 'ni': 19.7, 'mo': 2.95, 'v': 0.01, 'n': 0.0, 'nb': 0.01, 'co': 15.0, 'w': 0.0, 'al': 0.15, 'ti': 1.55}
2026-04-14 00:46:21 | WARNING  | app.ml.inference | SHAP computation failed: No module named 'shap'
2026-04-14 00:46:23 | INFO     | app.routers.materials | Materials prediction request received: {'E': 207000.0, 'G': 79000.0, 'mu': 0.3, 'Ro': 7860.0}
2026-04-14 00:46:23 | WARNING  | app.services.materials_service | Materials model not loaded — returning mock response
2026-04-14 00:46:37 | INFO     | app.routers.concrete | Concrete prediction request received: {'cement': 540.0, 'blast_furnace_slag': 0.0, 'fly_ash': 0.0, 'water': 162.0, 'superplasticizer': 2.5, 'coarse_aggregate': 1040.0, 'fine_aggregate': 676.0, 'age': 28}
2026-04-14 00:46:37 | ERROR    | app.services.concrete_service | Concrete prediction failed: The feature names should match those that were passed during fit.
Feature names unseen at fit time:
- age
- blast_furnace_slag
- cement
- coarse_aggregate
- fine_aggregate
- ...
Feature names seen at fit time, yet now missing:
- Age (day)
- Blast Furnace Slag (component 2)(kg in a m^3 mixture)
- Cement (component 1)(kg in a m^3 mixture)
- Coarse Aggregate  (component 6)(kg in a m^3 mixture)
- Fine Aggregate (component 7)(kg in a m^3 mixture)
- ...
Traceback (most recent call last):
  File "C:\Users\abhis\Downloads\MatMl-Spurtii\backend\app\services\concrete_service.py", line 36, in run_concrete_prediction
    result = predict_concrete(model, scaler, input_data)
  File "C:\Users\abhis\Downloads\MatMl-Spurtii\backend\app\ml\inference.py", line 65, in predict_concrete
    X_scaled = scaler.transform(X)
  File "C:\Users\abhis\AppData\Local\Programs\Python\Python314\Lib\site-packages\sklearn\utils\_set_output.py", line 316, in wrapped
    data_to_wrap = f(self, X, *args, **kwargs)
  File "C:\Users\abhis\AppData\Local\Programs\Python\Python314\Lib\site-packages\sklearn\preprocessing\_data.py", line 1094, in transform
    X = validate_data(
        self,
    ...<6 lines>...
        ensure_all_finite="allow-nan",
    )
  File "C:\Users\abhis\AppData\Local\Programs\Python\Python314\Lib\site-packages\sklearn\utils\validation.py", line 2877, in validate_data
    _check_feature_names(_estimator, X, reset=reset)
    ~~~~~~~~~~~~~~~~~~~~^^^^^^^^^^^^^^^^^^^^^^^^^^^^
  File "C:\Users\abhis\AppData\Local\Programs\Python\Python314\Lib\site-packages\sklearn\utils\validation.py", line 2729, in _check_feature_names
    raise ValueError(message)
ValueError: The feature names should match those that were passed during fit.
Feature names unseen at fit time:
- age
- blast_furnace_slag
- cement
- coarse_aggregate
- fine_aggregate
- ...
Feature names seen at fit time, yet now missing:
- Age (day)
- Blast Furnace Slag (component 2)(kg in a m^3 mixture)
- Cement (component 1)(kg in a m^3 mixture)
- Coarse Aggregate  (component 6)(kg in a m^3 mixture)
- Fine Aggregate (component 7)(kg in a m^3 mixture)
- ...

2026-04-14 00:46:37 | WARNING  | app.routers.concrete | Concrete validation error: The feature names should match those that were passed during fit.
Feature names unseen at fit time:
- age
- blast_furnace_slag
- cement
- coarse_aggregate
- fine_aggregate
- ...
Feature names seen at fit time, yet now missing:
- Age (day)
- Blast Furnace Slag (component 2)(kg in a m^3 mixture)
- Cement (component 1)(kg in a m^3 mixture)
- Coarse Aggregate  (component 6)(kg in a m^3 mixture)
- Fine Aggregate (component 7)(kg in a m^3 mixture)
- ...

2026-04-14 00:48:04 | INFO     | app.main | MatML API shutting down.
2026-04-14 00:48:06 | INFO     | app.main | MatML API starting up — loading ML models...
2026-04-14 00:48:07 | INFO     | app.ml.loader | Loaded model artifact: concrete_best_model.pkl
2026-04-14 00:48:07 | INFO     | app.ml.loader | Loaded model artifact: concrete_scaler.pkl
2026-04-14 00:48:07 | INFO     | app.ml.loader | Loaded model artifact: steel_best_model.pkl
2026-04-14 00:48:07 | INFO     | app.ml.loader | Loaded model artifact: steel_scaler.pkl
2026-04-14 00:48:07 | ERROR    | app.ml.loader | Failed to load materials_reg_model.pkl: module 'sklearn._loss._loss' has no attribute '__pyx_unpickle_CyHalfSquaredError'
2026-04-14 00:48:07 | INFO     | app.ml.loader | Loaded model artifact: materials_cls_model.pkl
2026-04-14 00:48:07 | INFO     | app.ml.loader | Loaded model artifact: materials_scaler.pkl
2026-04-14 00:48:07 | INFO     | app.ml.loader | Models ready: ['concrete_model', 'concrete_scaler', 'steel_model', 'steel_scaler', 'materials_cls_model', 'materials_scaler']
2026-04-14 00:48:07 | WARNING  | app.ml.loader | Models in MOCK mode: ['materials_reg_model']
2026-04-14 00:48:07 | INFO     | app.main | Startup complete. Live models: ['concrete_model', 'concrete_scaler', 'steel_model', 'steel_scaler', 'materials_cls_model', 'materials_scaler']
2026-04-14 01:02:32 | INFO     | app.main | MatML API starting up — loading ML models...
2026-04-14 01:02:34 | INFO     | app.ml.loader | Loaded model artifact: concrete_best_model.pkl
2026-04-14 01:02:34 | INFO     | app.ml.loader | Loaded model artifact: concrete_scaler.pkl
2026-04-14 01:02:34 | INFO     | app.ml.loader | Loaded model artifact: steel_best_model.pkl
2026-04-14 01:02:34 | INFO     | app.ml.loader | Loaded model artifact: steel_scaler.pkl
2026-04-14 01:02:34 | ERROR    | app.ml.loader | Failed to load materials_reg_model.pkl: module 'sklearn._loss._loss' has no attribute '__pyx_unpickle_CyHalfSquaredError'
2026-04-14 01:02:34 | INFO     | app.ml.loader | Loaded model artifact: materials_cls_model.pkl
2026-04-14 01:02:34 | INFO     | app.ml.loader | Loaded model artifact: materials_scaler.pkl
2026-04-14 01:02:34 | INFO     | app.ml.loader | Models ready: ['concrete_model', 'concrete_scaler', 'steel_model', 'steel_scaler', 'materials_cls_model', 'materials_scaler']
2026-04-14 01:02:34 | WARNING  | app.ml.loader | Models in MOCK mode: ['materials_reg_model']
2026-04-14 01:02:34 | INFO     | app.main | Startup complete. Live models: ['concrete_model', 'concrete_scaler', 'steel_model', 'steel_scaler', 'materials_cls_model', 'materials_scaler']
2026-04-14 01:02:53 | INFO     | app.routers.concrete | Concrete prediction request received: {'cement': 350.0, 'blast_furnace_slag': 0.0, 'fly_ash': 0.0, 'water': 185.0, 'superplasticizer': 6.0, 'coarse_aggregate': 1000.0, 'fine_aggregate': 750.0, 'age': 28}
2026-04-14 01:02:53 | WARNING  | app.ml.inference | SHAP computation failed: No module named 'shap'
2026-04-14 01:03:06 | INFO     | app.routers.concrete | Concrete prediction request received: {'cement': 350.0, 'blast_furnace_slag': 0.0, 'fly_ash': 0.0, 'water': 185.0, 'superplasticizer': 10.0, 'coarse_aggregate': 1000.0, 'fine_aggregate': 750.0, 'age': 28}
2026-04-14 01:03:06 | WARNING  | app.ml.inference | SHAP computation failed: No module named 'shap'
2026-04-14 01:03:11 | INFO     | app.routers.concrete | Concrete prediction request received: {'cement': 350.0, 'blast_furnace_slag': 33.0, 'fly_ash': 0.0, 'water': 185.0, 'superplasticizer': 10.0, 'coarse_aggregate': 1000.0, 'fine_aggregate': 750.0, 'age': 28}
2026-04-14 01:03:11 | WARNING  | app.ml.inference | SHAP computation failed: No module named 'shap'
2026-04-14 01:03:13 | INFO     | app.routers.concrete | Concrete prediction request received: {'cement': 350.0, 'blast_furnace_slag': 33.0, 'fly_ash': 0.0, 'water': 185.0, 'superplasticizer': 10.0, 'coarse_aggregate': 1000.0, 'fine_aggregate': 750.0, 'age': 28}
2026-04-14 01:03:13 | WARNING  | app.ml.inference | SHAP computation failed: No module named 'shap'
2026-04-14 01:03:14 | INFO     | app.routers.concrete | Concrete prediction request received: {'cement': 350.0, 'blast_furnace_slag': 33.0, 'fly_ash': 0.0, 'water': 185.0, 'superplasticizer': 10.0, 'coarse_aggregate': 1000.0, 'fine_aggregate': 750.0, 'age': 28}
2026-04-14 01:03:14 | WARNING  | app.ml.inference | SHAP computation failed: No module named 'shap'
2026-04-14 01:03:14 | INFO     | app.routers.concrete | Concrete prediction request received: {'cement': 350.0, 'blast_furnace_slag': 33.0, 'fly_ash': 0.0, 'water': 185.0, 'superplasticizer': 10.0, 'coarse_aggregate': 1000.0, 'fine_aggregate': 750.0, 'age': 28}
2026-04-14 01:03:14 | WARNING  | app.ml.inference | SHAP computation failed: No module named 'shap'
2026-04-14 01:03:15 | INFO     | app.routers.concrete | Concrete prediction request received: {'cement': 350.0, 'blast_furnace_slag': 33.0, 'fly_ash': 0.0, 'water': 185.0, 'superplasticizer': 10.0, 'coarse_aggregate': 1000.0, 'fine_aggregate': 750.0, 'age': 28}
2026-04-14 01:03:15 | WARNING  | app.ml.inference | SHAP computation failed: No module named 'shap'
2026-04-14 01:03:40 | INFO     | app.routers.steel | Steel prediction request received: {'c': 0.1, 'mn': 0.5, 'si': 0.3, 'cr': 0.5, 'ni': 0.6, 'mo': 0.2, 'v': 0.01, 'n': 0.01, 'nb': 0.01, 'co': 0.01, 'w': 0.01, 'al': 0.01, 'ti': 0.01}
2026-04-14 01:03:40 | WARNING  | app.ml.inference | SHAP computation failed: No module named 'shap'
2026-04-14 01:03:46 | INFO     | app.routers.steel | Steel prediction request received: {'c': 0.1, 'mn': 0.5, 'si': 0.3, 'cr': 0.5, 'ni': 0.6, 'mo': 0.2, 'v': 0.01, 'n': 0.08, 'nb': 0.01, 'co': 0.01, 'w': 0.01, 'al': 0.01, 'ti': 0.01}
2026-04-14 01:03:46 | WARNING  | app.ml.inference | SHAP computation failed: No module named 'shap'
2026-04-14 01:03:57 | INFO     | app.routers.steel | Steel prediction request received: {'c': 0.1, 'mn': 0.5, 'si': 0.3, 'cr': 0.5, 'ni': 0.6, 'mo': 0.2, 'v': 0.02, 'n': 0.08, 'nb': 0.014, 'co': 0.01, 'w': 0.01, 'al': 0.08, 'ti': 0.01}
2026-04-14 01:03:58 | WARNING  | app.ml.inference | SHAP computation failed: No module named 'shap'
2026-04-14 01:04:03 | INFO     | app.routers.materials | Materials prediction request received: {'E': 200000.0, 'G': 77000.0, 'mu': 0.3, 'Ro': 7800.0}
2026-04-14 01:04:03 | WARNING  | app.services.materials_service | Materials model not loaded — returning mock response
2026-04-14 01:04:14 | INFO     | app.routers.steel | Steel prediction request received: {'c': 0.1, 'mn': 0.5, 'si': 0.3, 'cr': 0.5, 'ni': 0.6, 'mo': 0.2, 'v': 0.02, 'n': 0.08, 'nb': 0.014, 'co': 0.01, 'w': 0.01, 'al': 0.08, 'ti': 0.01}
2026-04-14 01:04:14 | WARNING  | app.ml.inference | SHAP computation failed: No module named 'shap'
2026-04-14 01:05:30 | INFO     | app.routers.materials | Materials prediction request received: {'E': 200000.0, 'G': 77000.0, 'mu': 0.3, 'Ro': 7800.0}
2026-04-14 01:05:30 | WARNING  | app.services.materials_service | Materials model not loaded — returning mock response
2026-04-15 19:32:50 | INFO     | app.main | MatML API starting up — loading ML models...
2026-04-15 19:32:56 | INFO     | app.ml.loader | Loaded model artifact: concrete_best_model.pkl
2026-04-15 19:32:56 | INFO     | app.ml.loader | Loaded model artifact: concrete_scaler.pkl
2026-04-15 19:32:57 | INFO     | app.ml.loader | Loaded model artifact: steel_best_model.pkl
2026-04-15 19:32:57 | INFO     | app.ml.loader | Loaded model artifact: steel_scaler.pkl
2026-04-15 19:32:58 | INFO     | app.ml.loader | Loaded model artifact: materials_reg_model.pkl
2026-04-15 19:32:58 | INFO     | app.ml.loader | Loaded model artifact: materials_cls_model.pkl
2026-04-15 19:32:58 | INFO     | app.ml.loader | Loaded model artifact: materials_scaler.pkl
2026-04-15 19:32:58 | INFO     | app.ml.loader | Models ready: ['concrete_model', 'concrete_scaler', 'steel_model', 'steel_scaler', 'materials_reg_model', 'materials_cls_model', 'materials_scaler']
2026-04-15 19:32:58 | INFO     | app.main | Startup complete. Live models: ['concrete_model', 'concrete_scaler', 'steel_model', 'steel_scaler', 'materials_reg_model', 'materials_cls_model', 'materials_scaler']
2026-04-15 19:33:54 | INFO     | app.routers.structural | Structural analysis request: {'shape': 'square_footing', 'material_type': 'concrete', 'length': 6.0, 'width': 0.3, 'depth': 0.5, 'axial_load_kn': 0.0, 'bending_moment_knm': 120.0, 'shear_force_kn': 80.0, 'inclination_deg': 0.0, 'exposure_class': 'severe'}
2026-04-15 19:33:58 | INFO     | app.routers.structural | Structural analysis request: {'shape': 'square_footing', 'material_type': 'concrete', 'length': 6.0, 'width': 0.3, 'depth': 0.5, 'axial_load_kn': 0.0, 'bending_moment_knm': 120.0, 'shear_force_kn': 80.0, 'inclination_deg': 0.0, 'exposure_class': 'moderate'}
2026-04-15 19:34:01 | INFO     | app.routers.structural | Structural analysis request: {'shape': 'square_footing', 'material_type': 'concrete', 'length': 6.0, 'width': 0.3, 'depth': 0.5, 'axial_load_kn': 0.0, 'bending_moment_knm': 120.0, 'shear_force_kn': 80.0, 'inclination_deg': 0.0, 'exposure_class': 'mild'}
2026-04-15 19:34:31 | INFO     | app.routers.cost | Cost calculation request: {'material_type': 'concrete', 'volume_m3': 10.0, 'cement': 350.0, 'blast_furnace_slag': 0.0, 'fly_ash': 0.0, 'water': 185.0, 'superplasticizer': 6.0, 'coarse_aggregate': 1000.0, 'fine_aggregate': 750.0, 'c': 0.1, 'mn': 0.5, 'si': 0.3, 'cr': 0.5, 'ni': 0.1, 'mo': 0.2, 'v': 0.01, 'n': 0.01, 'nb': 0.01, 'co': 0.01, 'w': 0.01, 'al': 0.01, 'ti': 0.01, 'Ro': 7800.0}
2026-04-15 19:35:34 | INFO     | app.routers.concrete | Concrete prediction request received: {'cement': 350.0, 'blast_furnace_slag': 0.0, 'fly_ash': 0.0, 'water': 185.0, 'superplasticizer': 6.0, 'coarse_aggregate': 1000.0, 'fine_aggregate': 750.0, 'age': 28}
2026-04-15 19:35:34 | WARNING  | app.ml.inference | SHAP computation failed: No module named 'shap'
2026-04-15 19:35:40 | INFO     | app.routers.steel | Steel prediction request received: {'c': 0.1, 'mn': 0.5, 'si': 0.3, 'cr': 0.5, 'ni': 0.1, 'mo': 0.2, 'v': 0.01, 'n': 0.01, 'nb': 0.01, 'co': 0.01, 'w': 0.01, 'al': 0.01, 'ti': 0.01}
2026-04-15 19:35:40 | WARNING  | app.ml.inference | SHAP computation failed: No module named 'shap'
2026-04-15 19:35:47 | INFO     | app.routers.materials | Materials prediction request received: {'E': 200000.0, 'G': 77000.0, 'mu': 0.3, 'Ro': 7800.0}
2026-04-15 19:35:47 | WARNING  | app.ml.inference | SHAP computation failed: No module named 'shap'
2026-04-15 19:37:35 | INFO     | app.routers.cost | Cost calculation request: {'material_type': 'concrete', 'volume_m3': 10.0, 'cement': 350.0, 'blast_furnace_slag': 0.0, 'fly_ash': 0.0, 'water': 185.0, 'superplasticizer': 6.0, 'coarse_aggregate': 1000.0, 'fine_aggregate': 750.0, 'c': 0.1, 'mn': 0.5, 'si': 0.3, 'cr': 0.5, 'ni': 0.1, 'mo': 0.2, 'v': 0.01, 'n': 0.01, 'nb': 0.01, 'co': 0.01, 'w': 0.01, 'al': 0.01, 'ti': 0.01, 'Ro': 7800.0}
2026-04-15 19:37:45 | INFO     | app.routers.structural | Structural analysis request: {'shape': 'square_footing', 'material_type': 'concrete', 'length': 6.0, 'width': 0.3, 'depth': 0.5, 'axial_load_kn': 0.0, 'bending_moment_knm': 120.0, 'shear_force_kn': 80.0, 'inclination_deg': 0.0, 'exposure_class': 'mild'}
2026-04-25 10:47:16 | INFO     | app.main | MatML API starting up — loading ML models...
2026-04-25 10:47:20 | INFO     | app.ml.loader | Loaded model artifact: concrete_best_model.pkl
2026-04-25 10:47:20 | INFO     | app.ml.loader | Loaded model artifact: concrete_scaler.pkl
2026-04-25 10:47:21 | ERROR    | app.ml.loader | Failed to load steel_best_model.pkl: node array from the pickle has an incompatible dtype:
- expected: [('left_child', '<i8'), ('right_child', '<i8'), ('feature', '<i8'), ('threshold', '<f8'), ('impurity', '<f8'), ('n_node_samples', '<i8'), ('weighted_n_node_samples', '<f8')]
- got     : {'names': ['left_child', 'right_child', 'feature', 'threshold', 'impurity', 'n_node_samples', 'weighted_n_node_samples', 'missing_go_to_left'], 'formats': ['<i8', '<i8', '<i8', '<f8', '<f8', '<i8', '<f8', 'u1'], 'offsets': [0, 8, 16, 24, 32, 40, 48, 56], 'itemsize': 64}
2026-04-25 10:47:21 | INFO     | app.ml.loader | Loaded model artifact: steel_scaler.pkl
2026-04-25 10:47:21 | ERROR    | app.ml.loader | Failed to load materials_reg_model.pkl: node array from the pickle has an incompatible dtype:
- expected: [('left_child', '<i8'), ('right_child', '<i8'), ('feature', '<i8'), ('threshold', '<f8'), ('impurity', '<f8'), ('n_node_samples', '<i8'), ('weighted_n_node_samples', '<f8')]
- got     : {'names': ['left_child', 'right_child', 'feature', 'threshold', 'impurity', 'n_node_samples', 'weighted_n_node_samples', 'missing_go_to_left'], 'formats': ['<i8', '<i8', '<i8', '<f8', '<f8', '<i8', '<f8', 'u1'], 'offsets': [0, 8, 16, 24, 32, 40, 48, 56], 'itemsize': 64}
2026-04-25 10:47:21 | ERROR    | app.ml.loader | Failed to load materials_cls_model.pkl: node array from the pickle has an incompatible dtype:
- expected: [('left_child', '<i8'), ('right_child', '<i8'), ('feature', '<i8'), ('threshold', '<f8'), ('impurity', '<f8'), ('n_node_samples', '<i8'), ('weighted_n_node_samples', '<f8')]
- got     : {'names': ['left_child', 'right_child', 'feature', 'threshold', 'impurity', 'n_node_samples', 'weighted_n_node_samples', 'missing_go_to_left'], 'formats': ['<i8', '<i8', '<i8', '<f8', '<f8', '<i8', '<f8', 'u1'], 'offsets': [0, 8, 16, 24, 32, 40, 48, 56], 'itemsize': 64}
2026-04-25 10:47:21 | INFO     | app.ml.loader | Loaded model artifact: materials_scaler.pkl
2026-04-25 10:47:21 | WARNING  | app.ml.loader | Missing model file: enhanced_steel_mech_model.pkl — running in MOCK mode for 'enhanced_mech_model'
2026-04-25 10:47:21 | WARNING  | app.ml.loader | Missing model file: enhanced_steel_mech_scaler.pkl — running in MOCK mode for 'enhanced_mech_scaler'
2026-04-25 10:47:21 | WARNING  | app.ml.loader | Missing model file: enhanced_steel_thermal_model.pkl — running in MOCK mode for 'enhanced_thermal_model'
2026-04-25 10:47:21 | WARNING  | app.ml.loader | Missing model file: enhanced_steel_thermal_scaler.pkl — running in MOCK mode for 'enhanced_thermal_scaler'
2026-04-25 10:47:21 | WARNING  | app.ml.loader | Missing model file: enhanced_steel_strength_model.pkl — running in MOCK mode for 'enhanced_strength_model'
2026-04-25 10:47:21 | WARNING  | app.ml.loader | Missing model file: enhanced_steel_strength_scaler.pkl — running in MOCK mode for 'enhanced_strength_scaler'
2026-04-25 10:47:21 | WARNING  | app.ml.loader | Missing model file: enhanced_steel_repair_model.pkl — running in MOCK mode for 'enhanced_repair_model'
2026-04-25 10:47:21 | WARNING  | app.ml.loader | Missing model file: enhanced_steel_degrade_model.pkl — running in MOCK mode for 'enhanced_degrade_model'
2026-04-25 10:47:21 | WARNING  | app.ml.loader | Missing model file: enhanced_steel_use_model.pkl — running in MOCK mode for 'enhanced_use_model'
2026-04-25 10:47:21 | WARNING  | app.ml.loader | Missing model file: enhanced_steel_weld_model.pkl — running in MOCK mode for 'enhanced_weld_model'
2026-04-25 10:47:21 | WARNING  | app.ml.loader | Missing model file: enhanced_steel_weld_scaler.pkl — running in MOCK mode for 'enhanced_weld_scaler'
2026-04-25 10:47:21 | INFO     | app.ml.loader | Models ready: ['concrete_model', 'concrete_scaler', 'steel_scaler', 'materials_scaler']
2026-04-25 10:47:21 | WARNING  | app.ml.loader | Models in MOCK mode: ['steel_model', 'materials_reg_model', 'materials_cls_model', 'enhanced_mech_model', 'enhanced_mech_scaler', 'enhanced_thermal_model', 'enhanced_thermal_scaler', 'enhanced_strength_model', 'enhanced_strength_scaler', 'enhanced_repair_model', 'enhanced_degrade_model', 'enhanced_use_model', 'enhanced_weld_model', 'enhanced_weld_scaler']
2026-04-25 10:47:21 | INFO     | app.main | Startup complete. Live models: ['concrete_model', 'concrete_scaler', 'steel_scaler', 'materials_scaler']
2026-04-25 10:50:05 | INFO     | app.main | MatML API starting up — loading ML models...
2026-04-25 10:50:09 | INFO     | app.ml.loader | Loaded model artifact: concrete_best_model.pkl
2026-04-25 10:50:09 | INFO     | app.ml.loader | Loaded model artifact: concrete_scaler.pkl
2026-04-25 10:50:09 | ERROR    | app.ml.loader | Failed to load steel_best_model.pkl: node array from the pickle has an incompatible dtype:
- expected: [('left_child', '<i8'), ('right_child', '<i8'), ('feature', '<i8'), ('threshold', '<f8'), ('impurity', '<f8'), ('n_node_samples', '<i8'), ('weighted_n_node_samples', '<f8')]
- got     : {'names': ['left_child', 'right_child', 'feature', 'threshold', 'impurity', 'n_node_samples', 'weighted_n_node_samples', 'missing_go_to_left'], 'formats': ['<i8', '<i8', '<i8', '<f8', '<f8', '<i8', '<f8', 'u1'], 'offsets': [0, 8, 16, 24, 32, 40, 48, 56], 'itemsize': 64}
2026-04-25 10:50:09 | INFO     | app.ml.loader | Loaded model artifact: steel_scaler.pkl
2026-04-25 10:50:09 | ERROR    | app.ml.loader | Failed to load materials_reg_model.pkl: node array from the pickle has an incompatible dtype:
- expected: [('left_child', '<i8'), ('right_child', '<i8'), ('feature', '<i8'), ('threshold', '<f8'), ('impurity', '<f8'), ('n_node_samples', '<i8'), ('weighted_n_node_samples', '<f8')]
- got     : {'names': ['left_child', 'right_child', 'feature', 'threshold', 'impurity', 'n_node_samples', 'weighted_n_node_samples', 'missing_go_to_left'], 'formats': ['<i8', '<i8', '<i8', '<f8', '<f8', '<i8', '<f8', 'u1'], 'offsets': [0, 8, 16, 24, 32, 40, 48, 56], 'itemsize': 64}
2026-04-25 10:50:09 | ERROR    | app.ml.loader | Failed to load materials_cls_model.pkl: node array from the pickle has an incompatible dtype:
- expected: [('left_child', '<i8'), ('right_child', '<i8'), ('feature', '<i8'), ('threshold', '<f8'), ('impurity', '<f8'), ('n_node_samples', '<i8'), ('weighted_n_node_samples', '<f8')]
- got     : {'names': ['left_child', 'right_child', 'feature', 'threshold', 'impurity', 'n_node_samples', 'weighted_n_node_samples', 'missing_go_to_left'], 'formats': ['<i8', '<i8', '<i8', '<f8', '<f8', '<i8', '<f8', 'u1'], 'offsets': [0, 8, 16, 24, 32, 40, 48, 56], 'itemsize': 64}
2026-04-25 10:50:09 | INFO     | app.ml.loader | Loaded model artifact: materials_scaler.pkl
2026-04-25 10:50:10 | INFO     | app.ml.loader | Loaded model artifact: enhanced_steel_mech_model.pkl
2026-04-25 10:50:10 | INFO     | app.ml.loader | Loaded model artifact: enhanced_steel_mech_scaler.pkl
2026-04-25 10:50:10 | INFO     | app.ml.loader | Loaded model artifact: enhanced_steel_thermal_model.pkl
2026-04-25 10:50:10 | INFO     | app.ml.loader | Loaded model artifact: enhanced_steel_thermal_scaler.pkl
2026-04-25 10:50:10 | INFO     | app.ml.loader | Loaded model artifact: enhanced_steel_strength_model.pkl
2026-04-25 10:50:10 | INFO     | app.ml.loader | Loaded model artifact: enhanced_steel_strength_scaler.pkl
2026-04-25 10:50:10 | INFO     | app.ml.loader | Loaded model artifact: enhanced_steel_repair_model.pkl
2026-04-25 10:50:10 | INFO     | app.ml.loader | Loaded model artifact: enhanced_steel_degrade_model.pkl
2026-04-25 10:50:10 | INFO     | app.ml.loader | Loaded model artifact: enhanced_steel_use_model.pkl
2026-04-25 10:50:10 | INFO     | app.ml.loader | Loaded model artifact: enhanced_steel_weld_model.pkl
2026-04-25 10:50:10 | INFO     | app.ml.loader | Loaded model artifact: enhanced_steel_weld_scaler.pkl
2026-04-25 10:50:10 | INFO     | app.ml.loader | Models ready: ['concrete_model', 'concrete_scaler', 'steel_scaler', 'materials_scaler', 'enhanced_mech_model', 'enhanced_mech_scaler', 'enhanced_thermal_model', 'enhanced_thermal_scaler', 'enhanced_strength_model', 'enhanced_strength_scaler', 'enhanced_repair_model', 'enhanced_degrade_model', 'enhanced_use_model', 'enhanced_weld_model', 'enhanced_weld_scaler']
2026-04-25 10:50:10 | WARNING  | app.ml.loader | Models in MOCK mode: ['steel_model', 'materials_reg_model', 'materials_cls_model']
2026-04-25 10:50:10 | INFO     | app.main | Startup complete. Live models: ['concrete_model', 'concrete_scaler', 'steel_scaler', 'materials_scaler', 'enhanced_mech_model', 'enhanced_mech_scaler', 'enhanced_thermal_model', 'enhanced_thermal_scaler', 'enhanced_strength_model', 'enhanced_strength_scaler', 'enhanced_repair_model', 'enhanced_degrade_model', 'enhanced_use_model', 'enhanced_weld_model', 'enhanced_weld_scaler']
2026-04-27 23:09:26 | INFO     | app.main | MatML API starting up — loading ML models...
2026-04-27 23:09:45 | INFO     | app.ml.loader | Loaded model artifact: concrete_best_model.pkl
2026-04-27 23:09:45 | INFO     | app.ml.loader | Loaded model artifact: concrete_scaler.pkl
2026-04-27 23:09:48 | INFO     | app.ml.loader | Loaded model artifact: steel_best_model.pkl
2026-04-27 23:09:48 | INFO     | app.ml.loader | Loaded model artifact: steel_scaler.pkl
2026-04-27 23:09:48 | INFO     | app.ml.loader | Loaded model artifact: materials_reg_model.pkl
2026-04-27 23:09:48 | INFO     | app.ml.loader | Loaded model artifact: materials_cls_model.pkl
2026-04-27 23:09:48 | INFO     | app.ml.loader | Loaded model artifact: materials_scaler.pkl
2026-04-27 23:09:48 | ERROR    | app.ml.loader | Failed to load enhanced_steel_mech_model.pkl: node array from the pickle has an incompatible dtype:
- expected: {'names': ['left_child', 'right_child', 'feature', 'threshold', 'impurity', 'n_node_samples', 'weighted_n_node_samples', 'missing_go_to_left'], 'formats': ['<i8', '<i8', '<i8', '<f8', '<f8', '<i8', '<f8', 'u1'], 'offsets': [0, 8, 16, 24, 32, 40, 48, 56], 'itemsize': 64}
- got     : [('left_child', '<i8'), ('right_child', '<i8'), ('feature', '<i8'), ('threshold', '<f8'), ('impurity', '<f8'), ('n_node_samples', '<i8'), ('weighted_n_node_samples', '<f8')]
2026-04-27 23:09:48 | INFO     | app.ml.loader | Loaded model artifact: enhanced_steel_mech_scaler.pkl
2026-04-27 23:09:48 | ERROR    | app.ml.loader | Failed to load enhanced_steel_thermal_model.pkl: node array from the pickle has an incompatible dtype:
- expected: {'names': ['left_child', 'right_child', 'feature', 'threshold', 'impurity', 'n_node_samples', 'weighted_n_node_samples', 'missing_go_to_left'], 'formats': ['<i8', '<i8', '<i8', '<f8', '<f8', '<i8', '<f8', 'u1'], 'offsets': [0, 8, 16, 24, 32, 40, 48, 56], 'itemsize': 64}
- got     : [('left_child', '<i8'), ('right_child', '<i8'), ('feature', '<i8'), ('threshold', '<f8'), ('impurity', '<f8'), ('n_node_samples', '<i8'), ('weighted_n_node_samples', '<f8')]
2026-04-27 23:09:48 | INFO     | app.ml.loader | Loaded model artifact: enhanced_steel_thermal_scaler.pkl
2026-04-27 23:09:48 | INFO     | app.ml.loader | Loaded model artifact: enhanced_steel_strength_model.pkl
2026-04-27 23:09:48 | INFO     | app.ml.loader | Loaded model artifact: enhanced_steel_strength_scaler.pkl
2026-04-27 23:09:48 | ERROR    | app.ml.loader | Failed to load enhanced_steel_repair_model.pkl: node array from the pickle has an incompatible dtype:
- expected: {'names': ['left_child', 'right_child', 'feature', 'threshold', 'impurity', 'n_node_samples', 'weighted_n_node_samples', 'missing_go_to_left'], 'formats': ['<i8', '<i8', '<i8', '<f8', '<f8', '<i8', '<f8', 'u1'], 'offsets': [0, 8, 16, 24, 32, 40, 48, 56], 'itemsize': 64}
- got     : [('left_child', '<i8'), ('right_child', '<i8'), ('feature', '<i8'), ('threshold', '<f8'), ('impurity', '<f8'), ('n_node_samples', '<i8'), ('weighted_n_node_samples', '<f8')]
2026-04-27 23:09:48 | INFO     | app.ml.loader | Loaded model artifact: enhanced_steel_degrade_model.pkl
2026-04-27 23:09:48 | ERROR    | app.ml.loader | Failed to load enhanced_steel_use_model.pkl: node array from the pickle has an incompatible dtype:
- expected: {'names': ['left_child', 'right_child', 'feature', 'threshold', 'impurity', 'n_node_samples', 'weighted_n_node_samples', 'missing_go_to_left'], 'formats': ['<i8', '<i8', '<i8', '<f8', '<f8', '<i8', '<f8', 'u1'], 'offsets': [0, 8, 16, 24, 32, 40, 48, 56], 'itemsize': 64}
- got     : [('left_child', '<i8'), ('right_child', '<i8'), ('feature', '<i8'), ('threshold', '<f8'), ('impurity', '<f8'), ('n_node_samples', '<i8'), ('weighted_n_node_samples', '<f8')]
2026-04-27 23:09:48 | INFO     | app.ml.loader | Models ready: ['concrete_model', 'concrete_scaler', 'steel_model', 'steel_scaler', 'materials_reg_model', 'materials_cls_model', 'materials_scaler', 'enhanced_mech_scaler', 'enhanced_thermal_scaler', 'enhanced_strength_model', 'enhanced_strength_scaler', 'enhanced_degrade_model']
2026-04-27 23:09:48 | WARNING  | app.ml.loader | Models in MOCK mode: ['enhanced_mech_model', 'enhanced_thermal_model', 'enhanced_repair_model', 'enhanced_use_model']
2026-04-27 23:09:48 | INFO     | app.main | Startup complete. Live models: ['concrete_model', 'concrete_scaler', 'steel_model', 'steel_scaler', 'materials_reg_model', 'materials_cls_model', 'materials_scaler', 'enhanced_mech_scaler', 'enhanced_thermal_scaler', 'enhanced_strength_model', 'enhanced_strength_scaler', 'enhanced_degrade_model']
2026-04-27 23:10:02 | INFO     | app.routers.enhanced_steel | Enhanced steel prediction request: app=structural repairs=3
2026-04-27 23:10:02 | WARNING  | app.services.enhanced_steel_service | Enhanced steel models not fully loaded (['enhanced_mech_model', 'enhanced_thermal_model', 'enhanced_repair_model', 'enhanced_use_model']) — returning mock response
2026-04-27 23:18:19 | INFO     | app.routers.enhanced_steel | Enhanced steel prediction request: app=bridge repairs=0
2026-04-27 23:18:19 | WARNING  | app.services.enhanced_steel_service | Enhanced steel models not fully loaded (['enhanced_mech_model', 'enhanced_thermal_model', 'enhanced_repair_model', 'enhanced_use_model']) — returning mock response
2026-04-27 23:18:19 | INFO     | app.routers.enhanced_steel | Enhanced steel prediction request: app=bridge repairs=0
2026-04-27 23:18:19 | WARNING  | app.services.enhanced_steel_service | Enhanced steel models not fully loaded (['enhanced_mech_model', 'enhanced_thermal_model', 'enhanced_repair_model', 'enhanced_use_model']) — returning mock response
2026-04-27 23:18:19 | INFO     | app.routers.enhanced_steel | Enhanced steel prediction request: app=bridge repairs=1
2026-04-27 23:18:19 | WARNING  | app.services.enhanced_steel_service | Enhanced steel models not fully loaded (['enhanced_mech_model', 'enhanced_thermal_model', 'enhanced_repair_model', 'enhanced_use_model']) — returning mock response
2026-04-27 23:18:20 | INFO     | app.routers.enhanced_steel | Enhanced steel prediction request: app=bridge repairs=2
2026-04-27 23:18:20 | WARNING  | app.services.enhanced_steel_service | Enhanced steel models not fully loaded (['enhanced_mech_model', 'enhanced_thermal_model', 'enhanced_repair_model', 'enhanced_use_model']) — returning mock response
2026-04-27 23:18:20 | INFO     | app.routers.enhanced_steel | Enhanced steel prediction request: app=bridge repairs=3
2026-04-27 23:18:20 | WARNING  | app.services.enhanced_steel_service | Enhanced steel models not fully loaded (['enhanced_mech_model', 'enhanced_thermal_model', 'enhanced_repair_model', 'enhanced_use_model']) — returning mock response
2026-04-27 23:18:20 | INFO     | app.routers.enhanced_steel | Enhanced steel prediction request: app=bridge repairs=4
2026-04-27 23:18:20 | WARNING  | app.services.enhanced_steel_service | Enhanced steel models not fully loaded (['enhanced_mech_model', 'enhanced_thermal_model', 'enhanced_repair_model', 'enhanced_use_model']) — returning mock response
2026-04-27 23:18:20 | INFO     | app.routers.enhanced_steel | Enhanced steel prediction request: app=bridge repairs=5
2026-04-27 23:18:20 | WARNING  | app.services.enhanced_steel_service | Enhanced steel models not fully loaded (['enhanced_mech_model', 'enhanced_thermal_model', 'enhanced_repair_model', 'enhanced_use_model']) — returning mock response
2026-04-27 23:18:20 | INFO     | app.routers.enhanced_steel | Enhanced steel prediction request: app=bridge repairs=6
2026-04-27 23:18:20 | WARNING  | app.services.enhanced_steel_service | Enhanced steel models not fully loaded (['enhanced_mech_model', 'enhanced_thermal_model', 'enhanced_repair_model', 'enhanced_use_model']) — returning mock response
2026-04-27 23:18:20 | INFO     | app.routers.enhanced_steel | Enhanced steel prediction request: app=bridge repairs=7
2026-04-27 23:18:20 | WARNING  | app.services.enhanced_steel_service | Enhanced steel models not fully loaded (['enhanced_mech_model', 'enhanced_thermal_model', 'enhanced_repair_model', 'enhanced_use_model']) — returning mock response
2026-04-27 23:18:20 | INFO     | app.routers.enhanced_steel | Enhanced steel prediction request: app=bridge repairs=8
2026-04-27 23:18:20 | WARNING  | app.services.enhanced_steel_service | Enhanced steel models not fully loaded (['enhanced_mech_model', 'enhanced_thermal_model', 'enhanced_repair_model', 'enhanced_use_model']) — returning mock response
2026-04-27 23:18:20 | INFO     | app.routers.enhanced_steel | Enhanced steel prediction request: app=bridge repairs=9
2026-04-27 23:18:20 | WARNING  | app.services.enhanced_steel_service | Enhanced steel models not fully loaded (['enhanced_mech_model', 'enhanced_thermal_model', 'enhanced_repair_model', 'enhanced_use_model']) — returning mock response
2026-04-27 23:18:20 | INFO     | app.routers.enhanced_steel | Enhanced steel prediction request: app=bridge repairs=10
2026-04-27 23:18:20 | WARNING  | app.services.enhanced_steel_service | Enhanced steel models not fully loaded (['enhanced_mech_model', 'enhanced_thermal_model', 'enhanced_repair_model', 'enhanced_use_model']) — returning mock response
2026-04-27 23:18:20 | INFO     | app.routers.enhanced_steel | Enhanced steel prediction request: app=bridge repairs=0
2026-04-27 23:18:20 | WARNING  | app.services.enhanced_steel_service | Enhanced steel models not fully loaded (['enhanced_mech_model', 'enhanced_thermal_model', 'enhanced_repair_model', 'enhanced_use_model']) — returning mock response
2026-04-27 23:18:20 | INFO     | app.routers.enhanced_steel | Enhanced steel prediction request: app=bridge repairs=1
2026-04-27 23:18:20 | WARNING  | app.services.enhanced_steel_service | Enhanced steel models not fully loaded (['enhanced_mech_model', 'enhanced_thermal_model', 'enhanced_repair_model', 'enhanced_use_model']) — returning mock response
2026-04-27 23:18:20 | INFO     | app.routers.enhanced_steel | Enhanced steel prediction request: app=bridge repairs=2
2026-04-27 23:18:20 | WARNING  | app.services.enhanced_steel_service | Enhanced steel models not fully loaded (['enhanced_mech_model', 'enhanced_thermal_model', 'enhanced_repair_model', 'enhanced_use_model']) — returning mock response
2026-04-27 23:18:20 | INFO     | app.routers.enhanced_steel | Enhanced steel prediction request: app=bridge repairs=3
2026-04-27 23:18:20 | WARNING  | app.services.enhanced_steel_service | Enhanced steel models not fully loaded (['enhanced_mech_model', 'enhanced_thermal_model', 'enhanced_repair_model', 'enhanced_use_model']) — returning mock response
2026-04-27 23:18:20 | INFO     | app.routers.enhanced_steel | Enhanced steel prediction request: app=bridge repairs=4
2026-04-27 23:18:20 | WARNING  | app.services.enhanced_steel_service | Enhanced steel models not fully loaded (['enhanced_mech_model', 'enhanced_thermal_model', 'enhanced_repair_model', 'enhanced_use_model']) — returning mock response
2026-04-27 23:18:20 | INFO     | app.routers.enhanced_steel | Enhanced steel prediction request: app=bridge repairs=5
2026-04-27 23:18:20 | WARNING  | app.services.enhanced_steel_service | Enhanced steel models not fully loaded (['enhanced_mech_model', 'enhanced_thermal_model', 'enhanced_repair_model', 'enhanced_use_model']) — returning mock response
2026-04-27 23:18:20 | INFO     | app.routers.enhanced_steel | Enhanced steel prediction request: app=bridge repairs=6
2026-04-27 23:18:20 | WARNING  | app.services.enhanced_steel_service | Enhanced steel models not fully loaded (['enhanced_mech_model', 'enhanced_thermal_model', 'enhanced_repair_model', 'enhanced_use_model']) — returning mock response
2026-04-27 23:18:20 | INFO     | app.routers.enhanced_steel | Enhanced steel prediction request: app=bridge repairs=7
2026-04-27 23:18:20 | WARNING  | app.services.enhanced_steel_service | Enhanced steel models not fully loaded (['enhanced_mech_model', 'enhanced_thermal_model', 'enhanced_repair_model', 'enhanced_use_model']) — returning mock response
2026-04-27 23:18:20 | INFO     | app.routers.enhanced_steel | Enhanced steel prediction request: app=bridge repairs=8
2026-04-27 23:18:20 | WARNING  | app.services.enhanced_steel_service | Enhanced steel models not fully loaded (['enhanced_mech_model', 'enhanced_thermal_model', 'enhanced_repair_model', 'enhanced_use_model']) — returning mock response
2026-04-27 23:18:20 | INFO     | app.routers.enhanced_steel | Enhanced steel prediction request: app=bridge repairs=9
2026-04-27 23:18:20 | WARNING  | app.services.enhanced_steel_service | Enhanced steel models not fully loaded (['enhanced_mech_model', 'enhanced_thermal_model', 'enhanced_repair_model', 'enhanced_use_model']) — returning mock response
2026-04-27 23:18:20 | INFO     | app.routers.enhanced_steel | Enhanced steel prediction request: app=bridge repairs=10
2026-04-27 23:18:20 | WARNING  | app.services.enhanced_steel_service | Enhanced steel models not fully loaded (['enhanced_mech_model', 'enhanced_thermal_model', 'enhanced_repair_model', 'enhanced_use_model']) — returning mock response
2026-04-27 23:53:15 | INFO     | app.routers.enhanced_steel | Enhanced steel prediction request: app=bridge repairs=5
2026-04-27 23:53:15 | WARNING  | app.services.enhanced_steel_service | Enhanced steel models not fully loaded (['enhanced_mech_model', 'enhanced_thermal_model', 'enhanced_repair_model', 'enhanced_use_model']) — returning mock response
2026-04-27 23:53:15 | INFO     | app.routers.enhanced_steel | Enhanced steel prediction request: app=bridge repairs=0
2026-04-27 23:53:15 | WARNING  | app.services.enhanced_steel_service | Enhanced steel models not fully loaded (['enhanced_mech_model', 'enhanced_thermal_model', 'enhanced_repair_model', 'enhanced_use_model']) — returning mock response
2026-04-27 23:53:15 | INFO     | app.routers.enhanced_steel | Enhanced steel prediction request: app=bridge repairs=1
2026-04-27 23:53:15 | WARNING  | app.services.enhanced_steel_service | Enhanced steel models not fully loaded (['enhanced_mech_model', 'enhanced_thermal_model', 'enhanced_repair_model', 'enhanced_use_model']) — returning mock response
2026-04-27 23:53:15 | INFO     | app.routers.enhanced_steel | Enhanced steel prediction request: app=bridge repairs=2
2026-04-27 23:53:15 | WARNING  | app.services.enhanced_steel_service | Enhanced steel models not fully loaded (['enhanced_mech_model', 'enhanced_thermal_model', 'enhanced_repair_model', 'enhanced_use_model']) — returning mock response
2026-04-27 23:53:15 | INFO     | app.routers.enhanced_steel | Enhanced steel prediction request: app=bridge repairs=3
2026-04-27 23:53:15 | WARNING  | app.services.enhanced_steel_service | Enhanced steel models not fully loaded (['enhanced_mech_model', 'enhanced_thermal_model', 'enhanced_repair_model', 'enhanced_use_model']) — returning mock response
2026-04-27 23:53:15 | INFO     | app.routers.enhanced_steel | Enhanced steel prediction request: app=bridge repairs=4
2026-04-27 23:53:15 | WARNING  | app.services.enhanced_steel_service | Enhanced steel models not fully loaded (['enhanced_mech_model', 'enhanced_thermal_model', 'enhanced_repair_model', 'enhanced_use_model']) — returning mock response
2026-04-27 23:53:15 | INFO     | app.routers.enhanced_steel | Enhanced steel prediction request: app=bridge repairs=5
2026-04-27 23:53:15 | WARNING  | app.services.enhanced_steel_service | Enhanced steel models not fully loaded (['enhanced_mech_model', 'enhanced_thermal_model', 'enhanced_repair_model', 'enhanced_use_model']) — returning mock response
2026-04-27 23:53:15 | INFO     | app.routers.enhanced_steel | Enhanced steel prediction request: app=bridge repairs=6
2026-04-27 23:53:15 | WARNING  | app.services.enhanced_steel_service | Enhanced steel models not fully loaded (['enhanced_mech_model', 'enhanced_thermal_model', 'enhanced_repair_model', 'enhanced_use_model']) — returning mock response
2026-04-27 23:53:15 | INFO     | app.routers.enhanced_steel | Enhanced steel prediction request: app=bridge repairs=7
2026-04-27 23:53:15 | WARNING  | app.services.enhanced_steel_service | Enhanced steel models not fully loaded (['enhanced_mech_model', 'enhanced_thermal_model', 'enhanced_repair_model', 'enhanced_use_model']) — returning mock response
2026-04-27 23:53:15 | INFO     | app.routers.enhanced_steel | Enhanced steel prediction request: app=bridge repairs=8
2026-04-27 23:53:15 | WARNING  | app.services.enhanced_steel_service | Enhanced steel models not fully loaded (['enhanced_mech_model', 'enhanced_thermal_model', 'enhanced_repair_model', 'enhanced_use_model']) — returning mock response
2026-04-27 23:53:15 | INFO     | app.routers.enhanced_steel | Enhanced steel prediction request: app=bridge repairs=9
2026-04-27 23:53:15 | WARNING  | app.services.enhanced_steel_service | Enhanced steel models not fully loaded (['enhanced_mech_model', 'enhanced_thermal_model', 'enhanced_repair_model', 'enhanced_use_model']) — returning mock response
2026-04-27 23:53:16 | INFO     | app.routers.enhanced_steel | Enhanced steel prediction request: app=bridge repairs=10
2026-04-27 23:53:16 | WARNING  | app.services.enhanced_steel_service | Enhanced steel models not fully loaded (['enhanced_mech_model', 'enhanced_thermal_model', 'enhanced_repair_model', 'enhanced_use_model']) — returning mock response
2026-04-27 23:53:16 | INFO     | app.routers.enhanced_steel | Enhanced steel prediction request: app=bridge repairs=0
2026-04-27 23:53:16 | WARNING  | app.services.enhanced_steel_service | Enhanced steel models not fully loaded (['enhanced_mech_model', 'enhanced_thermal_model', 'enhanced_repair_model', 'enhanced_use_model']) — returning mock response
2026-04-27 23:53:16 | INFO     | app.routers.enhanced_steel | Enhanced steel prediction request: app=bridge repairs=1
2026-04-27 23:53:16 | WARNING  | app.services.enhanced_steel_service | Enhanced steel models not fully loaded (['enhanced_mech_model', 'enhanced_thermal_model', 'enhanced_repair_model', 'enhanced_use_model']) — returning mock response
2026-04-27 23:53:16 | INFO     | app.routers.enhanced_steel | Enhanced steel prediction request: app=bridge repairs=2
2026-04-27 23:53:16 | WARNING  | app.services.enhanced_steel_service | Enhanced steel models not fully loaded (['enhanced_mech_model', 'enhanced_thermal_model', 'enhanced_repair_model', 'enhanced_use_model']) — returning mock response
2026-04-27 23:53:16 | INFO     | app.routers.enhanced_steel | Enhanced steel prediction request: app=bridge repairs=3
2026-04-27 23:53:16 | WARNING  | app.services.enhanced_steel_service | Enhanced steel models not fully loaded (['enhanced_mech_model', 'enhanced_thermal_model', 'enhanced_repair_model', 'enhanced_use_model']) — returning mock response
2026-04-27 23:53:16 | INFO     | app.routers.enhanced_steel | Enhanced steel prediction request: app=bridge repairs=4
2026-04-27 23:53:16 | WARNING  | app.services.enhanced_steel_service | Enhanced steel models not fully loaded (['enhanced_mech_model', 'enhanced_thermal_model', 'enhanced_repair_model', 'enhanced_use_model']) — returning mock response
2026-04-27 23:53:16 | INFO     | app.routers.enhanced_steel | Enhanced steel prediction request: app=bridge repairs=5
2026-04-27 23:53:16 | WARNING  | app.services.enhanced_steel_service | Enhanced steel models not fully loaded (['enhanced_mech_model', 'enhanced_thermal_model', 'enhanced_repair_model', 'enhanced_use_model']) — returning mock response
2026-04-27 23:53:16 | INFO     | app.routers.enhanced_steel | Enhanced steel prediction request: app=bridge repairs=6
2026-04-27 23:53:16 | WARNING  | app.services.enhanced_steel_service | Enhanced steel models not fully loaded (['enhanced_mech_model', 'enhanced_thermal_model', 'enhanced_repair_model', 'enhanced_use_model']) — returning mock response
2026-04-27 23:53:16 | INFO     | app.routers.enhanced_steel | Enhanced steel prediction request: app=bridge repairs=7
2026-04-27 23:53:16 | WARNING  | app.services.enhanced_steel_service | Enhanced steel models not fully loaded (['enhanced_mech_model', 'enhanced_thermal_model', 'enhanced_repair_model', 'enhanced_use_model']) — returning mock response
2026-04-27 23:53:16 | INFO     | app.routers.enhanced_steel | Enhanced steel prediction request: app=bridge repairs=8
2026-04-27 23:53:16 | WARNING  | app.services.enhanced_steel_service | Enhanced steel models not fully loaded (['enhanced_mech_model', 'enhanced_thermal_model', 'enhanced_repair_model', 'enhanced_use_model']) — returning mock response
2026-04-27 23:53:16 | INFO     | app.routers.enhanced_steel | Enhanced steel prediction request: app=bridge repairs=9
2026-04-27 23:53:16 | WARNING  | app.services.enhanced_steel_service | Enhanced steel models not fully loaded (['enhanced_mech_model', 'enhanced_thermal_model', 'enhanced_repair_model', 'enhanced_use_model']) — returning mock response
2026-04-27 23:53:16 | INFO     | app.routers.enhanced_steel | Enhanced steel prediction request: app=bridge repairs=10
2026-04-27 23:53:16 | WARNING  | app.services.enhanced_steel_service | Enhanced steel models not fully loaded (['enhanced_mech_model', 'enhanced_thermal_model', 'enhanced_repair_model', 'enhanced_use_model']) — returning mock response
2026-04-28 00:03:43 | INFO     | app.routers.enhanced_steel | Enhanced steel prediction request: app=structural repairs=0
2026-04-28 00:03:43 | WARNING  | app.services.enhanced_steel_service | Enhanced steel models not fully loaded (['enhanced_mech_model', 'enhanced_thermal_model', 'enhanced_repair_model', 'enhanced_use_model']) — returning mock response
2026-04-28 00:03:43 | INFO     | app.routers.enhanced_steel | Enhanced steel prediction request: app=structural repairs=0
2026-04-28 00:03:43 | WARNING  | app.services.enhanced_steel_service | Enhanced steel models not fully loaded (['enhanced_mech_model', 'enhanced_thermal_model', 'enhanced_repair_model', 'enhanced_use_model']) — returning mock response
2026-04-28 00:03:43 | INFO     | app.routers.enhanced_steel | Enhanced steel prediction request: app=structural repairs=1
2026-04-28 00:03:43 | WARNING  | app.services.enhanced_steel_service | Enhanced steel models not fully loaded (['enhanced_mech_model', 'enhanced_thermal_model', 'enhanced_repair_model', 'enhanced_use_model']) — returning mock response
2026-04-28 00:03:43 | INFO     | app.routers.enhanced_steel | Enhanced steel prediction request: app=structural repairs=2
2026-04-28 00:03:43 | WARNING  | app.services.enhanced_steel_service | Enhanced steel models not fully loaded (['enhanced_mech_model', 'enhanced_thermal_model', 'enhanced_repair_model', 'enhanced_use_model']) — returning mock response
2026-04-28 00:03:43 | INFO     | app.routers.enhanced_steel | Enhanced steel prediction request: app=structural repairs=3
2026-04-28 00:03:43 | WARNING  | app.services.enhanced_steel_service | Enhanced steel models not fully loaded (['enhanced_mech_model', 'enhanced_thermal_model', 'enhanced_repair_model', 'enhanced_use_model']) — returning mock response
2026-04-28 00:03:43 | INFO     | app.routers.enhanced_steel | Enhanced steel prediction request: app=structural repairs=4
2026-04-28 00:03:43 | WARNING  | app.services.enhanced_steel_service | Enhanced steel models not fully loaded (['enhanced_mech_model', 'enhanced_thermal_model', 'enhanced_repair_model', 'enhanced_use_model']) — returning mock response
2026-04-28 00:03:43 | INFO     | app.routers.enhanced_steel | Enhanced steel prediction request: app=structural repairs=5
2026-04-28 00:03:43 | WARNING  | app.services.enhanced_steel_service | Enhanced steel models not fully loaded (['enhanced_mech_model', 'enhanced_thermal_model', 'enhanced_repair_model', 'enhanced_use_model']) — returning mock response
2026-04-28 00:03:43 | INFO     | app.routers.enhanced_steel | Enhanced steel prediction request: app=structural repairs=6
2026-04-28 00:03:43 | WARNING  | app.services.enhanced_steel_service | Enhanced steel models not fully loaded (['enhanced_mech_model', 'enhanced_thermal_model', 'enhanced_repair_model', 'enhanced_use_model']) — returning mock response
2026-04-28 00:03:43 | INFO     | app.routers.enhanced_steel | Enhanced steel prediction request: app=structural repairs=7
2026-04-28 00:03:43 | WARNING  | app.services.enhanced_steel_service | Enhanced steel models not fully loaded (['enhanced_mech_model', 'enhanced_thermal_model', 'enhanced_repair_model', 'enhanced_use_model']) — returning mock response
2026-04-28 00:03:43 | INFO     | app.routers.enhanced_steel | Enhanced steel prediction request: app=structural repairs=8
2026-04-28 00:03:43 | WARNING  | app.services.enhanced_steel_service | Enhanced steel models not fully loaded (['enhanced_mech_model', 'enhanced_thermal_model', 'enhanced_repair_model', 'enhanced_use_model']) — returning mock response
2026-04-28 00:03:43 | INFO     | app.routers.enhanced_steel | Enhanced steel prediction request: app=structural repairs=9
2026-04-28 00:03:43 | WARNING  | app.services.enhanced_steel_service | Enhanced steel models not fully loaded (['enhanced_mech_model', 'enhanced_thermal_model', 'enhanced_repair_model', 'enhanced_use_model']) — returning mock response
2026-04-28 00:03:43 | INFO     | app.routers.enhanced_steel | Enhanced steel prediction request: app=structural repairs=10
2026-04-28 00:03:43 | WARNING  | app.services.enhanced_steel_service | Enhanced steel models not fully loaded (['enhanced_mech_model', 'enhanced_thermal_model', 'enhanced_repair_model', 'enhanced_use_model']) — returning mock response
2026-04-28 00:03:43 | INFO     | app.routers.enhanced_steel | Enhanced steel prediction request: app=structural repairs=0
2026-04-28 00:03:43 | WARNING  | app.services.enhanced_steel_service | Enhanced steel models not fully loaded (['enhanced_mech_model', 'enhanced_thermal_model', 'enhanced_repair_model', 'enhanced_use_model']) — returning mock response
2026-04-28 00:03:43 | INFO     | app.routers.enhanced_steel | Enhanced steel prediction request: app=structural repairs=1
2026-04-28 00:03:43 | WARNING  | app.services.enhanced_steel_service | Enhanced steel models not fully loaded (['enhanced_mech_model', 'enhanced_thermal_model', 'enhanced_repair_model', 'enhanced_use_model']) — returning mock response
2026-04-28 00:03:43 | INFO     | app.routers.enhanced_steel | Enhanced steel prediction request: app=structural repairs=2
2026-04-28 00:03:43 | WARNING  | app.services.enhanced_steel_service | Enhanced steel models not fully loaded (['enhanced_mech_model', 'enhanced_thermal_model', 'enhanced_repair_model', 'enhanced_use_model']) — returning mock response
2026-04-28 00:03:43 | INFO     | app.routers.enhanced_steel | Enhanced steel prediction request: app=structural repairs=3
2026-04-28 00:03:43 | WARNING  | app.services.enhanced_steel_service | Enhanced steel models not fully loaded (['enhanced_mech_model', 'enhanced_thermal_model', 'enhanced_repair_model', 'enhanced_use_model']) — returning mock response
2026-04-28 00:03:43 | INFO     | app.routers.enhanced_steel | Enhanced steel prediction request: app=structural repairs=4
2026-04-28 00:03:43 | WARNING  | app.services.enhanced_steel_service | Enhanced steel models not fully loaded (['enhanced_mech_model', 'enhanced_thermal_model', 'enhanced_repair_model', 'enhanced_use_model']) — returning mock response
2026-04-28 00:03:43 | INFO     | app.routers.enhanced_steel | Enhanced steel prediction request: app=structural repairs=5
2026-04-28 00:03:43 | WARNING  | app.services.enhanced_steel_service | Enhanced steel models not fully loaded (['enhanced_mech_model', 'enhanced_thermal_model', 'enhanced_repair_model', 'enhanced_use_model']) — returning mock response
2026-04-28 00:03:43 | INFO     | app.routers.enhanced_steel | Enhanced steel prediction request: app=structural repairs=6
2026-04-28 00:03:43 | WARNING  | app.services.enhanced_steel_service | Enhanced steel models not fully loaded (['enhanced_mech_model', 'enhanced_thermal_model', 'enhanced_repair_model', 'enhanced_use_model']) — returning mock response
2026-04-28 00:03:43 | INFO     | app.routers.enhanced_steel | Enhanced steel prediction request: app=structural repairs=7
2026-04-28 00:03:43 | WARNING  | app.services.enhanced_steel_service | Enhanced steel models not fully loaded (['enhanced_mech_model', 'enhanced_thermal_model', 'enhanced_repair_model', 'enhanced_use_model']) — returning mock response
2026-04-28 00:03:43 | INFO     | app.routers.enhanced_steel | Enhanced steel prediction request: app=structural repairs=8
2026-04-28 00:03:43 | WARNING  | app.services.enhanced_steel_service | Enhanced steel models not fully loaded (['enhanced_mech_model', 'enhanced_thermal_model', 'enhanced_repair_model', 'enhanced_use_model']) — returning mock response
2026-04-28 00:03:43 | INFO     | app.routers.enhanced_steel | Enhanced steel prediction request: app=structural repairs=9
2026-04-28 00:03:43 | WARNING  | app.services.enhanced_steel_service | Enhanced steel models not fully loaded (['enhanced_mech_model', 'enhanced_thermal_model', 'enhanced_repair_model', 'enhanced_use_model']) — returning mock response
2026-04-28 00:03:43 | INFO     | app.routers.enhanced_steel | Enhanced steel prediction request: app=structural repairs=10
2026-04-28 00:03:43 | WARNING  | app.services.enhanced_steel_service | Enhanced steel models not fully loaded (['enhanced_mech_model', 'enhanced_thermal_model', 'enhanced_repair_model', 'enhanced_use_model']) — returning mock response
2026-04-28 00:12:00 | INFO     | app.main | MatML API starting up — loading ML models...
2026-04-28 00:12:04 | INFO     | app.ml.loader | Loaded model artifact: concrete_best_model.pkl
2026-04-28 00:12:04 | INFO     | app.ml.loader | Loaded model artifact: concrete_scaler.pkl
2026-04-28 00:12:05 | INFO     | app.ml.loader | Loaded model artifact: steel_best_model.pkl
2026-04-28 00:12:05 | INFO     | app.ml.loader | Loaded model artifact: steel_scaler.pkl
2026-04-28 00:12:05 | INFO     | app.ml.loader | Loaded model artifact: materials_reg_model.pkl
2026-04-28 00:12:06 | INFO     | app.ml.loader | Loaded model artifact: materials_cls_model.pkl
2026-04-28 00:12:06 | INFO     | app.ml.loader | Loaded model artifact: materials_scaler.pkl
2026-04-28 00:12:06 | ERROR    | app.ml.loader | Failed to load enhanced_steel_mech_model.pkl: node array from the pickle has an incompatible dtype:
- expected: {'names': ['left_child', 'right_child', 'feature', 'threshold', 'impurity', 'n_node_samples', 'weighted_n_node_samples', 'missing_go_to_left'], 'formats': ['<i8', '<i8', '<i8', '<f8', '<f8', '<i8', '<f8', 'u1'], 'offsets': [0, 8, 16, 24, 32, 40, 48, 56], 'itemsize': 64}
- got     : [('left_child', '<i8'), ('right_child', '<i8'), ('feature', '<i8'), ('threshold', '<f8'), ('impurity', '<f8'), ('n_node_samples', '<i8'), ('weighted_n_node_samples', '<f8')]
2026-04-28 00:12:06 | INFO     | app.ml.loader | Loaded model artifact: enhanced_steel_mech_scaler.pkl
2026-04-28 00:12:06 | ERROR    | app.ml.loader | Failed to load enhanced_steel_thermal_model.pkl: node array from the pickle has an incompatible dtype:
- expected: {'names': ['left_child', 'right_child', 'feature', 'threshold', 'impurity', 'n_node_samples', 'weighted_n_node_samples', 'missing_go_to_left'], 'formats': ['<i8', '<i8', '<i8', '<f8', '<f8', '<i8', '<f8', 'u1'], 'offsets': [0, 8, 16, 24, 32, 40, 48, 56], 'itemsize': 64}
- got     : [('left_child', '<i8'), ('right_child', '<i8'), ('feature', '<i8'), ('threshold', '<f8'), ('impurity', '<f8'), ('n_node_samples', '<i8'), ('weighted_n_node_samples', '<f8')]
2026-04-28 00:12:06 | INFO     | app.ml.loader | Loaded model artifact: enhanced_steel_thermal_scaler.pkl
2026-04-28 00:12:06 | INFO     | app.ml.loader | Loaded model artifact: enhanced_steel_strength_model.pkl
2026-04-28 00:12:06 | INFO     | app.ml.loader | Loaded model artifact: enhanced_steel_strength_scaler.pkl
2026-04-28 00:12:06 | ERROR    | app.ml.loader | Failed to load enhanced_steel_repair_model.pkl: node array from the pickle has an incompatible dtype:
- expected: {'names': ['left_child', 'right_child', 'feature', 'threshold', 'impurity', 'n_node_samples', 'weighted_n_node_samples', 'missing_go_to_left'], 'formats': ['<i8', '<i8', '<i8', '<f8', '<f8', '<i8', '<f8', 'u1'], 'offsets': [0, 8, 16, 24, 32, 40, 48, 56], 'itemsize': 64}
- got     : [('left_child', '<i8'), ('right_child', '<i8'), ('feature', '<i8'), ('threshold', '<f8'), ('impurity', '<f8'), ('n_node_samples', '<i8'), ('weighted_n_node_samples', '<f8')]
2026-04-28 00:12:06 | INFO     | app.ml.loader | Loaded model artifact: enhanced_steel_degrade_model.pkl
2026-04-28 00:12:06 | ERROR    | app.ml.loader | Failed to load enhanced_steel_use_model.pkl: node array from the pickle has an incompatible dtype:
- expected: {'names': ['left_child', 'right_child', 'feature', 'threshold', 'impurity', 'n_node_samples', 'weighted_n_node_samples', 'missing_go_to_left'], 'formats': ['<i8', '<i8', '<i8', '<f8', '<f8', '<i8', '<f8', 'u1'], 'offsets': [0, 8, 16, 24, 32, 40, 48, 56], 'itemsize': 64}
- got     : [('left_child', '<i8'), ('right_child', '<i8'), ('feature', '<i8'), ('threshold', '<f8'), ('impurity', '<f8'), ('n_node_samples', '<i8'), ('weighted_n_node_samples', '<f8')]
2026-04-28 00:12:06 | INFO     | app.ml.loader | Models ready: ['concrete_model', 'concrete_scaler', 'steel_model', 'steel_scaler', 'materials_reg_model', 'materials_cls_model', 'materials_scaler', 'enhanced_mech_scaler', 'enhanced_thermal_scaler', 'enhanced_strength_model', 'enhanced_strength_scaler', 'enhanced_degrade_model']
2026-04-28 00:12:06 | WARNING  | app.ml.loader | Models in MOCK mode: ['enhanced_mech_model', 'enhanced_thermal_model', 'enhanced_repair_model', 'enhanced_use_model']
2026-04-28 00:12:06 | INFO     | app.main | Startup complete. Live models: ['concrete_model', 'concrete_scaler', 'steel_model', 'steel_scaler', 'materials_reg_model', 'materials_cls_model', 'materials_scaler', 'enhanced_mech_scaler', 'enhanced_thermal_scaler', 'enhanced_strength_model', 'enhanced_strength_scaler', 'enhanced_degrade_model']
2026-04-28 00:12:58 | INFO     | app.routers.enhanced_steel | Enhanced steel prediction request: app=bridge repairs=0
2026-04-28 00:12:58 | WARNING  | app.services.enhanced_steel_service | Enhanced steel models not fully loaded (['enhanced_mech_model', 'enhanced_thermal_model', 'enhanced_repair_model', 'enhanced_use_model']) — returning mock response
2026-04-28 00:12:58 | INFO     | app.routers.enhanced_steel | Enhanced steel prediction request: app=bridge repairs=0
2026-04-28 00:12:58 | WARNING  | app.services.enhanced_steel_service | Enhanced steel models not fully loaded (['enhanced_mech_model', 'enhanced_thermal_model', 'enhanced_repair_model', 'enhanced_use_model']) — returning mock response
2026-04-28 00:12:58 | INFO     | app.routers.enhanced_steel | Enhanced steel prediction request: app=bridge repairs=1
2026-04-28 00:12:58 | WARNING  | app.services.enhanced_steel_service | Enhanced steel models not fully loaded (['enhanced_mech_model', 'enhanced_thermal_model', 'enhanced_repair_model', 'enhanced_use_model']) — returning mock response
2026-04-28 00:12:59 | INFO     | app.routers.enhanced_steel | Enhanced steel prediction request: app=bridge repairs=2
2026-04-28 00:12:59 | WARNING  | app.services.enhanced_steel_service | Enhanced steel models not fully loaded (['enhanced_mech_model', 'enhanced_thermal_model', 'enhanced_repair_model', 'enhanced_use_model']) — returning mock response
2026-04-28 00:12:59 | INFO     | app.routers.enhanced_steel | Enhanced steel prediction request: app=bridge repairs=3
2026-04-28 00:12:59 | WARNING  | app.services.enhanced_steel_service | Enhanced steel models not fully loaded (['enhanced_mech_model', 'enhanced_thermal_model', 'enhanced_repair_model', 'enhanced_use_model']) — returning mock response
2026-04-28 00:12:59 | INFO     | app.routers.enhanced_steel | Enhanced steel prediction request: app=bridge repairs=4
2026-04-28 00:12:59 | WARNING  | app.services.enhanced_steel_service | Enhanced steel models not fully loaded (['enhanced_mech_model', 'enhanced_thermal_model', 'enhanced_repair_model', 'enhanced_use_model']) — returning mock response
2026-04-28 00:12:59 | INFO     | app.routers.enhanced_steel | Enhanced steel prediction request: app=bridge repairs=5
2026-04-28 00:12:59 | WARNING  | app.services.enhanced_steel_service | Enhanced steel models not fully loaded (['enhanced_mech_model', 'enhanced_thermal_model', 'enhanced_repair_model', 'enhanced_use_model']) — returning mock response
2026-04-28 00:12:59 | INFO     | app.routers.enhanced_steel | Enhanced steel prediction request: app=bridge repairs=6
2026-04-28 00:12:59 | WARNING  | app.services.enhanced_steel_service | Enhanced steel models not fully loaded (['enhanced_mech_model', 'enhanced_thermal_model', 'enhanced_repair_model', 'enhanced_use_model']) — returning mock response
2026-04-28 00:12:59 | INFO     | app.routers.enhanced_steel | Enhanced steel prediction request: app=bridge repairs=7
2026-04-28 00:12:59 | WARNING  | app.services.enhanced_steel_service | Enhanced steel models not fully loaded (['enhanced_mech_model', 'enhanced_thermal_model', 'enhanced_repair_model', 'enhanced_use_model']) — returning mock response
2026-04-28 00:12:59 | INFO     | app.routers.enhanced_steel | Enhanced steel prediction request: app=bridge repairs=8
2026-04-28 00:12:59 | WARNING  | app.services.enhanced_steel_service | Enhanced steel models not fully loaded (['enhanced_mech_model', 'enhanced_thermal_model', 'enhanced_repair_model', 'enhanced_use_model']) — returning mock response
2026-04-28 00:12:59 | INFO     | app.routers.enhanced_steel | Enhanced steel prediction request: app=bridge repairs=9
2026-04-28 00:12:59 | WARNING  | app.services.enhanced_steel_service | Enhanced steel models not fully loaded (['enhanced_mech_model', 'enhanced_thermal_model', 'enhanced_repair_model', 'enhanced_use_model']) — returning mock response
2026-04-28 00:12:59 | INFO     | app.routers.enhanced_steel | Enhanced steel prediction request: app=bridge repairs=10
2026-04-28 00:12:59 | WARNING  | app.services.enhanced_steel_service | Enhanced steel models not fully loaded (['enhanced_mech_model', 'enhanced_thermal_model', 'enhanced_repair_model', 'enhanced_use_model']) — returning mock response
2026-04-28 00:12:59 | INFO     | app.routers.enhanced_steel | Enhanced steel prediction request: app=bridge repairs=0
2026-04-28 00:12:59 | WARNING  | app.services.enhanced_steel_service | Enhanced steel models not fully loaded (['enhanced_mech_model', 'enhanced_thermal_model', 'enhanced_repair_model', 'enhanced_use_model']) — returning mock response
2026-04-28 00:12:59 | INFO     | app.routers.enhanced_steel | Enhanced steel prediction request: app=bridge repairs=1
2026-04-28 00:12:59 | WARNING  | app.services.enhanced_steel_service | Enhanced steel models not fully loaded (['enhanced_mech_model', 'enhanced_thermal_model', 'enhanced_repair_model', 'enhanced_use_model']) — returning mock response
2026-04-28 00:12:59 | INFO     | app.routers.enhanced_steel | Enhanced steel prediction request: app=bridge repairs=2
2026-04-28 00:12:59 | WARNING  | app.services.enhanced_steel_service | Enhanced steel models not fully loaded (['enhanced_mech_model', 'enhanced_thermal_model', 'enhanced_repair_model', 'enhanced_use_model']) — returning mock response
2026-04-28 00:12:59 | INFO     | app.routers.enhanced_steel | Enhanced steel prediction request: app=bridge repairs=3
2026-04-28 00:12:59 | WARNING  | app.services.enhanced_steel_service | Enhanced steel models not fully loaded (['enhanced_mech_model', 'enhanced_thermal_model', 'enhanced_repair_model', 'enhanced_use_model']) — returning mock response
2026-04-28 00:12:59 | INFO     | app.routers.enhanced_steel | Enhanced steel prediction request: app=bridge repairs=4
2026-04-28 00:12:59 | WARNING  | app.services.enhanced_steel_service | Enhanced steel models not fully loaded (['enhanced_mech_model', 'enhanced_thermal_model', 'enhanced_repair_model', 'enhanced_use_model']) — returning mock response
2026-04-28 00:12:59 | INFO     | app.routers.enhanced_steel | Enhanced steel prediction request: app=bridge repairs=5
2026-04-28 00:12:59 | WARNING  | app.services.enhanced_steel_service | Enhanced steel models not fully loaded (['enhanced_mech_model', 'enhanced_thermal_model', 'enhanced_repair_model', 'enhanced_use_model']) — returning mock response
2026-04-28 00:12:59 | INFO     | app.routers.enhanced_steel | Enhanced steel prediction request: app=bridge repairs=6
2026-04-28 00:12:59 | WARNING  | app.services.enhanced_steel_service | Enhanced steel models not fully loaded (['enhanced_mech_model', 'enhanced_thermal_model', 'enhanced_repair_model', 'enhanced_use_model']) — returning mock response
2026-04-28 00:12:59 | INFO     | app.routers.enhanced_steel | Enhanced steel prediction request: app=bridge repairs=7
2026-04-28 00:12:59 | WARNING  | app.services.enhanced_steel_service | Enhanced steel models not fully loaded (['enhanced_mech_model', 'enhanced_thermal_model', 'enhanced_repair_model', 'enhanced_use_model']) — returning mock response
2026-04-28 00:12:59 | INFO     | app.routers.enhanced_steel | Enhanced steel prediction request: app=bridge repairs=8
2026-04-28 00:12:59 | WARNING  | app.services.enhanced_steel_service | Enhanced steel models not fully loaded (['enhanced_mech_model', 'enhanced_thermal_model', 'enhanced_repair_model', 'enhanced_use_model']) — returning mock response
2026-04-28 00:12:59 | INFO     | app.routers.enhanced_steel | Enhanced steel prediction request: app=bridge repairs=9
2026-04-28 00:12:59 | WARNING  | app.services.enhanced_steel_service | Enhanced steel models not fully loaded (['enhanced_mech_model', 'enhanced_thermal_model', 'enhanced_repair_model', 'enhanced_use_model']) — returning mock response
2026-04-28 00:12:59 | INFO     | app.routers.enhanced_steel | Enhanced steel prediction request: app=bridge repairs=10
2026-04-28 00:12:59 | WARNING  | app.services.enhanced_steel_service | Enhanced steel models not fully loaded (['enhanced_mech_model', 'enhanced_thermal_model', 'enhanced_repair_model', 'enhanced_use_model']) — returning mock response
2026-04-28 00:16:57 | INFO     | app.routers.enhanced_steel | Enhanced steel prediction request: app=structural repairs=0
2026-04-28 00:16:57 | WARNING  | app.services.enhanced_steel_service | Enhanced steel models not fully loaded (['enhanced_mech_model', 'enhanced_thermal_model', 'enhanced_repair_model', 'enhanced_use_model']) — returning mock response
2026-04-28 00:18:48 | INFO     | app.routers.enhanced_steel | Enhanced steel prediction request: app=structural repairs=0
2026-04-28 00:18:48 | WARNING  | app.services.enhanced_steel_service | Enhanced steel models not fully loaded (['enhanced_mech_model', 'enhanced_thermal_model', 'enhanced_repair_model', 'enhanced_use_model']) — returning mock response
2026-04-28 00:18:48 | INFO     | app.routers.enhanced_steel | Enhanced steel prediction request: app=structural repairs=0
2026-04-28 00:18:48 | WARNING  | app.services.enhanced_steel_service | Enhanced steel models not fully loaded (['enhanced_mech_model', 'enhanced_thermal_model', 'enhanced_repair_model', 'enhanced_use_model']) — returning mock response
2026-04-28 00:18:48 | INFO     | app.routers.enhanced_steel | Enhanced steel prediction request: app=structural repairs=2
2026-04-28 00:18:48 | WARNING  | app.services.enhanced_steel_service | Enhanced steel models not fully loaded (['enhanced_mech_model', 'enhanced_thermal_model', 'enhanced_repair_model', 'enhanced_use_model']) — returning mock response
2026-04-28 00:18:48 | INFO     | app.routers.enhanced_steel | Enhanced steel prediction request: app=structural repairs=3
2026-04-28 00:18:48 | WARNING  | app.services.enhanced_steel_service | Enhanced steel models not fully loaded (['enhanced_mech_model', 'enhanced_thermal_model', 'enhanced_repair_model', 'enhanced_use_model']) — returning mock response
2026-04-28 00:18:48 | INFO     | app.routers.enhanced_steel | Enhanced steel prediction request: app=structural repairs=1
2026-04-28 00:18:48 | WARNING  | app.services.enhanced_steel_service | Enhanced steel models not fully loaded (['enhanced_mech_model', 'enhanced_thermal_model', 'enhanced_repair_model', 'enhanced_use_model']) — returning mock response
2026-04-28 00:18:48 | INFO     | app.routers.enhanced_steel | Enhanced steel prediction request: app=structural repairs=5
2026-04-28 00:18:48 | WARNING  | app.services.enhanced_steel_service | Enhanced steel models not fully loaded (['enhanced_mech_model', 'enhanced_thermal_model', 'enhanced_repair_model', 'enhanced_use_model']) — returning mock response
2026-04-28 00:18:48 | INFO     | app.routers.enhanced_steel | Enhanced steel prediction request: app=structural repairs=4
2026-04-28 00:18:48 | WARNING  | app.services.enhanced_steel_service | Enhanced steel models not fully loaded (['enhanced_mech_model', 'enhanced_thermal_model', 'enhanced_repair_model', 'enhanced_use_model']) — returning mock response
2026-04-28 00:18:48 | INFO     | app.routers.enhanced_steel | Enhanced steel prediction request: app=structural repairs=6
2026-04-28 00:18:48 | WARNING  | app.services.enhanced_steel_service | Enhanced steel models not fully loaded (['enhanced_mech_model', 'enhanced_thermal_model', 'enhanced_repair_model', 'enhanced_use_model']) — returning mock response
2026-04-28 00:18:48 | INFO     | app.routers.enhanced_steel | Enhanced steel prediction request: app=structural repairs=7
2026-04-28 00:18:48 | WARNING  | app.services.enhanced_steel_service | Enhanced steel models not fully loaded (['enhanced_mech_model', 'enhanced_thermal_model', 'enhanced_repair_model', 'enhanced_use_model']) — returning mock response
2026-04-28 00:18:48 | INFO     | app.routers.enhanced_steel | Enhanced steel prediction request: app=structural repairs=8
2026-04-28 00:18:48 | WARNING  | app.services.enhanced_steel_service | Enhanced steel models not fully loaded (['enhanced_mech_model', 'enhanced_thermal_model', 'enhanced_repair_model', 'enhanced_use_model']) — returning mock response
2026-04-28 00:18:48 | INFO     | app.routers.enhanced_steel | Enhanced steel prediction request: app=structural repairs=9
2026-04-28 00:18:48 | WARNING  | app.services.enhanced_steel_service | Enhanced steel models not fully loaded (['enhanced_mech_model', 'enhanced_thermal_model', 'enhanced_repair_model', 'enhanced_use_model']) — returning mock response
2026-04-28 00:18:49 | INFO     | app.routers.enhanced_steel | Enhanced steel prediction request: app=structural repairs=10
2026-04-28 00:18:49 | WARNING  | app.services.enhanced_steel_service | Enhanced steel models not fully loaded (['enhanced_mech_model', 'enhanced_thermal_model', 'enhanced_repair_model', 'enhanced_use_model']) — returning mock response
2026-04-28 00:18:49 | INFO     | app.routers.enhanced_steel | Enhanced steel prediction request: app=structural repairs=0
2026-04-28 00:18:49 | WARNING  | app.services.enhanced_steel_service | Enhanced steel models not fully loaded (['enhanced_mech_model', 'enhanced_thermal_model', 'enhanced_repair_model', 'enhanced_use_model']) — returning mock response
2026-04-28 00:18:49 | INFO     | app.routers.enhanced_steel | Enhanced steel prediction request: app=structural repairs=1
2026-04-28 00:18:49 | WARNING  | app.services.enhanced_steel_service | Enhanced steel models not fully loaded (['enhanced_mech_model', 'enhanced_thermal_model', 'enhanced_repair_model', 'enhanced_use_model']) — returning mock response
2026-04-28 00:18:49 | INFO     | app.routers.enhanced_steel | Enhanced steel prediction request: app=structural repairs=2
2026-04-28 00:18:49 | WARNING  | app.services.enhanced_steel_service | Enhanced steel models not fully loaded (['enhanced_mech_model', 'enhanced_thermal_model', 'enhanced_repair_model', 'enhanced_use_model']) — returning mock response
2026-04-28 00:18:49 | INFO     | app.routers.enhanced_steel | Enhanced steel prediction request: app=structural repairs=3
2026-04-28 00:18:49 | WARNING  | app.services.enhanced_steel_service | Enhanced steel models not fully loaded (['enhanced_mech_model', 'enhanced_thermal_model', 'enhanced_repair_model', 'enhanced_use_model']) — returning mock response
2026-04-28 00:18:49 | INFO     | app.routers.enhanced_steel | Enhanced steel prediction request: app=structural repairs=4
2026-04-28 00:18:49 | WARNING  | app.services.enhanced_steel_service | Enhanced steel models not fully loaded (['enhanced_mech_model', 'enhanced_thermal_model', 'enhanced_repair_model', 'enhanced_use_model']) — returning mock response
2026-04-28 00:18:49 | INFO     | app.routers.enhanced_steel | Enhanced steel prediction request: app=structural repairs=5
2026-04-28 00:18:49 | WARNING  | app.services.enhanced_steel_service | Enhanced steel models not fully loaded (['enhanced_mech_model', 'enhanced_thermal_model', 'enhanced_repair_model', 'enhanced_use_model']) — returning mock response
2026-04-28 00:18:49 | INFO     | app.routers.enhanced_steel | Enhanced steel prediction request: app=structural repairs=6
2026-04-28 00:18:49 | WARNING  | app.services.enhanced_steel_service | Enhanced steel models not fully loaded (['enhanced_mech_model', 'enhanced_thermal_model', 'enhanced_repair_model', 'enhanced_use_model']) — returning mock response
2026-04-28 00:18:49 | INFO     | app.routers.enhanced_steel | Enhanced steel prediction request: app=structural repairs=7
2026-04-28 00:18:49 | WARNING  | app.services.enhanced_steel_service | Enhanced steel models not fully loaded (['enhanced_mech_model', 'enhanced_thermal_model', 'enhanced_repair_model', 'enhanced_use_model']) — returning mock response
2026-04-28 00:18:49 | INFO     | app.routers.enhanced_steel | Enhanced steel prediction request: app=structural repairs=8
2026-04-28 00:18:49 | WARNING  | app.services.enhanced_steel_service | Enhanced steel models not fully loaded (['enhanced_mech_model', 'enhanced_thermal_model', 'enhanced_repair_model', 'enhanced_use_model']) — returning mock response
2026-04-28 00:18:49 | INFO     | app.routers.enhanced_steel | Enhanced steel prediction request: app=structural repairs=9
2026-04-28 00:18:49 | WARNING  | app.services.enhanced_steel_service | Enhanced steel models not fully loaded (['enhanced_mech_model', 'enhanced_thermal_model', 'enhanced_repair_model', 'enhanced_use_model']) — returning mock response
2026-04-28 00:18:49 | INFO     | app.routers.enhanced_steel | Enhanced steel prediction request: app=structural repairs=10
2026-04-28 00:18:49 | WARNING  | app.services.enhanced_steel_service | Enhanced steel models not fully loaded (['enhanced_mech_model', 'enhanced_thermal_model', 'enhanced_repair_model', 'enhanced_use_model']) — returning mock response
2026-04-28 00:20:27 | INFO     | app.routers.enhanced_steel | Enhanced steel prediction request: app=structural repairs=1
2026-04-28 00:20:27 | WARNING  | app.services.enhanced_steel_service | Enhanced steel models not fully loaded (['enhanced_mech_model', 'enhanced_thermal_model', 'enhanced_repair_model', 'enhanced_use_model']) — returning mock response
2026-04-28 00:20:27 | INFO     | app.routers.enhanced_steel | Enhanced steel prediction request: app=structural repairs=0
2026-04-28 00:20:27 | WARNING  | app.services.enhanced_steel_service | Enhanced steel models not fully loaded (['enhanced_mech_model', 'enhanced_thermal_model', 'enhanced_repair_model', 'enhanced_use_model']) — returning mock response
2026-04-28 00:20:27 | INFO     | app.routers.enhanced_steel | Enhanced steel prediction request: app=structural repairs=2
2026-04-28 00:20:27 | WARNING  | app.services.enhanced_steel_service | Enhanced steel models not fully loaded (['enhanced_mech_model', 'enhanced_thermal_model', 'enhanced_repair_model', 'enhanced_use_model']) — returning mock response
2026-04-28 00:20:27 | INFO     | app.routers.enhanced_steel | Enhanced steel prediction request: app=structural repairs=3
2026-04-28 00:20:27 | WARNING  | app.services.enhanced_steel_service | Enhanced steel models not fully loaded (['enhanced_mech_model', 'enhanced_thermal_model', 'enhanced_repair_model', 'enhanced_use_model']) — returning mock response
2026-04-28 00:20:27 | INFO     | app.routers.enhanced_steel | Enhanced steel prediction request: app=structural repairs=4
2026-04-28 00:20:27 | WARNING  | app.services.enhanced_steel_service | Enhanced steel models not fully loaded (['enhanced_mech_model', 'enhanced_thermal_model', 'enhanced_repair_model', 'enhanced_use_model']) — returning mock response
2026-04-28 00:20:27 | INFO     | app.routers.enhanced_steel | Enhanced steel prediction request: app=structural repairs=5
2026-04-28 00:20:27 | WARNING  | app.services.enhanced_steel_service | Enhanced steel models not fully loaded (['enhanced_mech_model', 'enhanced_thermal_model', 'enhanced_repair_model', 'enhanced_use_model']) — returning mock response
2026-04-28 00:20:27 | INFO     | app.routers.enhanced_steel | Enhanced steel prediction request: app=structural repairs=6
2026-04-28 00:20:27 | WARNING  | app.services.enhanced_steel_service | Enhanced steel models not fully loaded (['enhanced_mech_model', 'enhanced_thermal_model', 'enhanced_repair_model', 'enhanced_use_model']) — returning mock response
2026-04-28 00:20:27 | INFO     | app.routers.enhanced_steel | Enhanced steel prediction request: app=structural repairs=7
2026-04-28 00:20:27 | WARNING  | app.services.enhanced_steel_service | Enhanced steel models not fully loaded (['enhanced_mech_model', 'enhanced_thermal_model', 'enhanced_repair_model', 'enhanced_use_model']) — returning mock response
2026-04-28 00:20:27 | INFO     | app.routers.enhanced_steel | Enhanced steel prediction request: app=structural repairs=8
2026-04-28 00:20:27 | WARNING  | app.services.enhanced_steel_service | Enhanced steel models not fully loaded (['enhanced_mech_model', 'enhanced_thermal_model', 'enhanced_repair_model', 'enhanced_use_model']) — returning mock response
2026-04-28 00:20:27 | INFO     | app.routers.enhanced_steel | Enhanced steel prediction request: app=structural repairs=9
2026-04-28 00:20:27 | WARNING  | app.services.enhanced_steel_service | Enhanced steel models not fully loaded (['enhanced_mech_model', 'enhanced_thermal_model', 'enhanced_repair_model', 'enhanced_use_model']) — returning mock response
2026-04-28 00:20:27 | INFO     | app.routers.enhanced_steel | Enhanced steel prediction request: app=structural repairs=10
2026-04-28 00:20:27 | WARNING  | app.services.enhanced_steel_service | Enhanced steel models not fully loaded (['enhanced_mech_model', 'enhanced_thermal_model', 'enhanced_repair_model', 'enhanced_use_model']) — returning mock response
2026-04-28 00:20:27 | INFO     | app.routers.enhanced_steel | Enhanced steel prediction request: app=structural repairs=0
2026-04-28 00:20:27 | WARNING  | app.services.enhanced_steel_service | Enhanced steel models not fully loaded (['enhanced_mech_model', 'enhanced_thermal_model', 'enhanced_repair_model', 'enhanced_use_model']) — returning mock response
2026-04-28 00:20:27 | INFO     | app.routers.enhanced_steel | Enhanced steel prediction request: app=structural repairs=1
2026-04-28 00:20:27 | WARNING  | app.services.enhanced_steel_service | Enhanced steel models not fully loaded (['enhanced_mech_model', 'enhanced_thermal_model', 'enhanced_repair_model', 'enhanced_use_model']) — returning mock response
2026-04-28 00:20:27 | INFO     | app.routers.enhanced_steel | Enhanced steel prediction request: app=structural repairs=2
2026-04-28 00:20:27 | WARNING  | app.services.enhanced_steel_service | Enhanced steel models not fully loaded (['enhanced_mech_model', 'enhanced_thermal_model', 'enhanced_repair_model', 'enhanced_use_model']) — returning mock response
2026-04-28 00:20:27 | INFO     | app.routers.enhanced_steel | Enhanced steel prediction request: app=structural repairs=3
2026-04-28 00:20:27 | WARNING  | app.services.enhanced_steel_service | Enhanced steel models not fully loaded (['enhanced_mech_model', 'enhanced_thermal_model', 'enhanced_repair_model', 'enhanced_use_model']) — returning mock response
2026-04-28 00:20:27 | INFO     | app.routers.enhanced_steel | Enhanced steel prediction request: app=structural repairs=4
2026-04-28 00:20:27 | WARNING  | app.services.enhanced_steel_service | Enhanced steel models not fully loaded (['enhanced_mech_model', 'enhanced_thermal_model', 'enhanced_repair_model', 'enhanced_use_model']) — returning mock response
2026-04-28 00:20:27 | INFO     | app.routers.enhanced_steel | Enhanced steel prediction request: app=structural repairs=5
2026-04-28 00:20:27 | WARNING  | app.services.enhanced_steel_service | Enhanced steel models not fully loaded (['enhanced_mech_model', 'enhanced_thermal_model', 'enhanced_repair_model', 'enhanced_use_model']) — returning mock response
2026-04-28 00:20:27 | INFO     | app.routers.enhanced_steel | Enhanced steel prediction request: app=structural repairs=6
2026-04-28 00:20:27 | WARNING  | app.services.enhanced_steel_service | Enhanced steel models not fully loaded (['enhanced_mech_model', 'enhanced_thermal_model', 'enhanced_repair_model', 'enhanced_use_model']) — returning mock response
2026-04-28 00:20:27 | INFO     | app.routers.enhanced_steel | Enhanced steel prediction request: app=structural repairs=7
2026-04-28 00:20:27 | WARNING  | app.services.enhanced_steel_service | Enhanced steel models not fully loaded (['enhanced_mech_model', 'enhanced_thermal_model', 'enhanced_repair_model', 'enhanced_use_model']) — returning mock response
2026-04-28 00:20:27 | INFO     | app.routers.enhanced_steel | Enhanced steel prediction request: app=structural repairs=8
2026-04-28 00:20:27 | WARNING  | app.services.enhanced_steel_service | Enhanced steel models not fully loaded (['enhanced_mech_model', 'enhanced_thermal_model', 'enhanced_repair_model', 'enhanced_use_model']) — returning mock response
2026-04-28 00:20:27 | INFO     | app.routers.enhanced_steel | Enhanced steel prediction request: app=structural repairs=9
2026-04-28 00:20:27 | WARNING  | app.services.enhanced_steel_service | Enhanced steel models not fully loaded (['enhanced_mech_model', 'enhanced_thermal_model', 'enhanced_repair_model', 'enhanced_use_model']) — returning mock response
2026-04-28 00:20:27 | INFO     | app.routers.enhanced_steel | Enhanced steel prediction request: app=structural repairs=10
2026-04-28 00:20:27 | WARNING  | app.services.enhanced_steel_service | Enhanced steel models not fully loaded (['enhanced_mech_model', 'enhanced_thermal_model', 'enhanced_repair_model', 'enhanced_use_model']) — returning mock response
2026-04-28 00:20:28 | INFO     | app.routers.enhanced_steel | Enhanced steel prediction request: app=bridge repairs=0
2026-04-28 00:20:28 | WARNING  | app.services.enhanced_steel_service | Enhanced steel models not fully loaded (['enhanced_mech_model', 'enhanced_thermal_model', 'enhanced_repair_model', 'enhanced_use_model']) — returning mock response
2026-04-28 00:20:28 | INFO     | app.routers.enhanced_steel | Enhanced steel prediction request: app=bridge repairs=1
2026-04-28 00:20:28 | WARNING  | app.services.enhanced_steel_service | Enhanced steel models not fully loaded (['enhanced_mech_model', 'enhanced_thermal_model', 'enhanced_repair_model', 'enhanced_use_model']) — returning mock response
2026-04-28 00:20:28 | INFO     | app.routers.enhanced_steel | Enhanced steel prediction request: app=bridge repairs=2
2026-04-28 00:20:28 | WARNING  | app.services.enhanced_steel_service | Enhanced steel models not fully loaded (['enhanced_mech_model', 'enhanced_thermal_model', 'enhanced_repair_model', 'enhanced_use_model']) — returning mock response
2026-04-28 00:20:28 | INFO     | app.routers.enhanced_steel | Enhanced steel prediction request: app=bridge repairs=3
2026-04-28 00:20:28 | WARNING  | app.services.enhanced_steel_service | Enhanced steel models not fully loaded (['enhanced_mech_model', 'enhanced_thermal_model', 'enhanced_repair_model', 'enhanced_use_model']) — returning mock response
2026-04-28 00:20:28 | INFO     | app.routers.enhanced_steel | Enhanced steel prediction request: app=bridge repairs=4
2026-04-28 00:20:28 | WARNING  | app.services.enhanced_steel_service | Enhanced steel models not fully loaded (['enhanced_mech_model', 'enhanced_thermal_model', 'enhanced_repair_model', 'enhanced_use_model']) — returning mock response
2026-04-28 00:20:28 | INFO     | app.routers.enhanced_steel | Enhanced steel prediction request: app=bridge repairs=5
2026-04-28 00:20:28 | WARNING  | app.services.enhanced_steel_service | Enhanced steel models not fully loaded (['enhanced_mech_model', 'enhanced_thermal_model', 'enhanced_repair_model', 'enhanced_use_model']) — returning mock response
2026-04-28 00:20:28 | INFO     | app.routers.enhanced_steel | Enhanced steel prediction request: app=bridge repairs=6
2026-04-28 00:20:28 | WARNING  | app.services.enhanced_steel_service | Enhanced steel models not fully loaded (['enhanced_mech_model', 'enhanced_thermal_model', 'enhanced_repair_model', 'enhanced_use_model']) — returning mock response
2026-04-28 00:20:28 | INFO     | app.routers.enhanced_steel | Enhanced steel prediction request: app=bridge repairs=7
2026-04-28 00:20:28 | WARNING  | app.services.enhanced_steel_service | Enhanced steel models not fully loaded (['enhanced_mech_model', 'enhanced_thermal_model', 'enhanced_repair_model', 'enhanced_use_model']) — returning mock response
2026-04-28 00:20:28 | INFO     | app.routers.enhanced_steel | Enhanced steel prediction request: app=bridge repairs=8
2026-04-28 00:20:28 | WARNING  | app.services.enhanced_steel_service | Enhanced steel models not fully loaded (['enhanced_mech_model', 'enhanced_thermal_model', 'enhanced_repair_model', 'enhanced_use_model']) — returning mock response
2026-04-28 00:20:28 | INFO     | app.routers.enhanced_steel | Enhanced steel prediction request: app=bridge repairs=9
2026-04-28 00:20:28 | WARNING  | app.services.enhanced_steel_service | Enhanced steel models not fully loaded (['enhanced_mech_model', 'enhanced_thermal_model', 'enhanced_repair_model', 'enhanced_use_model']) — returning mock response
2026-04-28 00:20:28 | INFO     | app.routers.enhanced_steel | Enhanced steel prediction request: app=bridge repairs=10
2026-04-28 00:20:28 | WARNING  | app.services.enhanced_steel_service | Enhanced steel models not fully loaded (['enhanced_mech_model', 'enhanced_thermal_model', 'enhanced_repair_model', 'enhanced_use_model']) — returning mock response
2026-04-28 00:20:28 | INFO     | app.routers.enhanced_steel | Enhanced steel prediction request: app=bridge repairs=0
2026-04-28 00:20:28 | WARNING  | app.services.enhanced_steel_service | Enhanced steel models not fully loaded (['enhanced_mech_model', 'enhanced_thermal_model', 'enhanced_repair_model', 'enhanced_use_model']) — returning mock response
2026-04-28 00:20:28 | INFO     | app.routers.enhanced_steel | Enhanced steel prediction request: app=bridge repairs=1
2026-04-28 00:20:28 | WARNING  | app.services.enhanced_steel_service | Enhanced steel models not fully loaded (['enhanced_mech_model', 'enhanced_thermal_model', 'enhanced_repair_model', 'enhanced_use_model']) — returning mock response
2026-04-28 00:20:28 | INFO     | app.routers.enhanced_steel | Enhanced steel prediction request: app=bridge repairs=2
2026-04-28 00:20:28 | WARNING  | app.services.enhanced_steel_service | Enhanced steel models not fully loaded (['enhanced_mech_model', 'enhanced_thermal_model', 'enhanced_repair_model', 'enhanced_use_model']) — returning mock response
2026-04-28 00:20:28 | INFO     | app.routers.enhanced_steel | Enhanced steel prediction request: app=bridge repairs=3
2026-04-28 00:20:28 | WARNING  | app.services.enhanced_steel_service | Enhanced steel models not fully loaded (['enhanced_mech_model', 'enhanced_thermal_model', 'enhanced_repair_model', 'enhanced_use_model']) — returning mock response
2026-04-28 00:20:28 | INFO     | app.routers.enhanced_steel | Enhanced steel prediction request: app=bridge repairs=4
2026-04-28 00:20:28 | WARNING  | app.services.enhanced_steel_service | Enhanced steel models not fully loaded (['enhanced_mech_model', 'enhanced_thermal_model', 'enhanced_repair_model', 'enhanced_use_model']) — returning mock response
2026-04-28 00:20:28 | INFO     | app.routers.enhanced_steel | Enhanced steel prediction request: app=bridge repairs=5
2026-04-28 00:20:28 | WARNING  | app.services.enhanced_steel_service | Enhanced steel models not fully loaded (['enhanced_mech_model', 'enhanced_thermal_model', 'enhanced_repair_model', 'enhanced_use_model']) — returning mock response
2026-04-28 00:20:28 | INFO     | app.routers.enhanced_steel | Enhanced steel prediction request: app=bridge repairs=6
2026-04-28 00:20:28 | WARNING  | app.services.enhanced_steel_service | Enhanced steel models not fully loaded (['enhanced_mech_model', 'enhanced_thermal_model', 'enhanced_repair_model', 'enhanced_use_model']) — returning mock response
2026-04-28 00:20:28 | INFO     | app.routers.enhanced_steel | Enhanced steel prediction request: app=bridge repairs=7
2026-04-28 00:20:28 | WARNING  | app.services.enhanced_steel_service | Enhanced steel models not fully loaded (['enhanced_mech_model', 'enhanced_thermal_model', 'enhanced_repair_model', 'enhanced_use_model']) — returning mock response
2026-04-28 00:20:28 | INFO     | app.routers.enhanced_steel | Enhanced steel prediction request: app=bridge repairs=8
2026-04-28 00:20:28 | WARNING  | app.services.enhanced_steel_service | Enhanced steel models not fully loaded (['enhanced_mech_model', 'enhanced_thermal_model', 'enhanced_repair_model', 'enhanced_use_model']) — returning mock response
2026-04-28 00:20:28 | INFO     | app.routers.enhanced_steel | Enhanced steel prediction request: app=bridge repairs=9
2026-04-28 00:20:28 | WARNING  | app.services.enhanced_steel_service | Enhanced steel models not fully loaded (['enhanced_mech_model', 'enhanced_thermal_model', 'enhanced_repair_model', 'enhanced_use_model']) — returning mock response
2026-04-28 00:20:28 | INFO     | app.routers.enhanced_steel | Enhanced steel prediction request: app=bridge repairs=10
2026-04-28 00:20:28 | WARNING  | app.services.enhanced_steel_service | Enhanced steel models not fully loaded (['enhanced_mech_model', 'enhanced_thermal_model', 'enhanced_repair_model', 'enhanced_use_model']) — returning mock response
2026-04-28 00:20:29 | INFO     | app.routers.enhanced_steel | Enhanced steel prediction request: app=structural repairs=0
2026-04-28 00:20:29 | WARNING  | app.services.enhanced_steel_service | Enhanced steel models not fully loaded (['enhanced_mech_model', 'enhanced_thermal_model', 'enhanced_repair_model', 'enhanced_use_model']) — returning mock response
2026-04-28 00:20:29 | INFO     | app.routers.enhanced_steel | Enhanced steel prediction request: app=structural repairs=1
2026-04-28 00:20:29 | WARNING  | app.services.enhanced_steel_service | Enhanced steel models not fully loaded (['enhanced_mech_model', 'enhanced_thermal_model', 'enhanced_repair_model', 'enhanced_use_model']) — returning mock response
2026-04-28 00:20:29 | INFO     | app.routers.enhanced_steel | Enhanced steel prediction request: app=structural repairs=2
2026-04-28 00:20:29 | WARNING  | app.services.enhanced_steel_service | Enhanced steel models not fully loaded (['enhanced_mech_model', 'enhanced_thermal_model', 'enhanced_repair_model', 'enhanced_use_model']) — returning mock response
2026-04-28 00:20:29 | INFO     | app.routers.enhanced_steel | Enhanced steel prediction request: app=structural repairs=3
2026-04-28 00:20:29 | WARNING  | app.services.enhanced_steel_service | Enhanced steel models not fully loaded (['enhanced_mech_model', 'enhanced_thermal_model', 'enhanced_repair_model', 'enhanced_use_model']) — returning mock response
2026-04-28 00:20:29 | INFO     | app.routers.enhanced_steel | Enhanced steel prediction request: app=structural repairs=4
2026-04-28 00:20:29 | WARNING  | app.services.enhanced_steel_service | Enhanced steel models not fully loaded (['enhanced_mech_model', 'enhanced_thermal_model', 'enhanced_repair_model', 'enhanced_use_model']) — returning mock response
2026-04-28 00:20:29 | INFO     | app.routers.enhanced_steel | Enhanced steel prediction request: app=structural repairs=5
2026-04-28 00:20:29 | WARNING  | app.services.enhanced_steel_service | Enhanced steel models not fully loaded (['enhanced_mech_model', 'enhanced_thermal_model', 'enhanced_repair_model', 'enhanced_use_model']) — returning mock response
2026-04-28 00:20:29 | INFO     | app.routers.enhanced_steel | Enhanced steel prediction request: app=structural repairs=6
2026-04-28 00:20:29 | WARNING  | app.services.enhanced_steel_service | Enhanced steel models not fully loaded (['enhanced_mech_model', 'enhanced_thermal_model', 'enhanced_repair_model', 'enhanced_use_model']) — returning mock response
2026-04-28 00:20:29 | INFO     | app.routers.enhanced_steel | Enhanced steel prediction request: app=structural repairs=7
2026-04-28 00:20:29 | WARNING  | app.services.enhanced_steel_service | Enhanced steel models not fully loaded (['enhanced_mech_model', 'enhanced_thermal_model', 'enhanced_repair_model', 'enhanced_use_model']) — returning mock response
2026-04-28 00:20:29 | INFO     | app.routers.enhanced_steel | Enhanced steel prediction request: app=structural repairs=8
2026-04-28 00:20:29 | WARNING  | app.services.enhanced_steel_service | Enhanced steel models not fully loaded (['enhanced_mech_model', 'enhanced_thermal_model', 'enhanced_repair_model', 'enhanced_use_model']) — returning mock response
2026-04-28 00:20:29 | INFO     | app.routers.enhanced_steel | Enhanced steel prediction request: app=structural repairs=9
2026-04-28 00:20:29 | WARNING  | app.services.enhanced_steel_service | Enhanced steel models not fully loaded (['enhanced_mech_model', 'enhanced_thermal_model', 'enhanced_repair_model', 'enhanced_use_model']) — returning mock response
2026-04-28 00:20:29 | INFO     | app.routers.enhanced_steel | Enhanced steel prediction request: app=structural repairs=10
2026-04-28 00:20:29 | WARNING  | app.services.enhanced_steel_service | Enhanced steel models not fully loaded (['enhanced_mech_model', 'enhanced_thermal_model', 'enhanced_repair_model', 'enhanced_use_model']) — returning mock response
2026-04-28 00:20:29 | INFO     | app.routers.enhanced_steel | Enhanced steel prediction request: app=structural repairs=0
2026-04-28 00:20:29 | WARNING  | app.services.enhanced_steel_service | Enhanced steel models not fully loaded (['enhanced_mech_model', 'enhanced_thermal_model', 'enhanced_repair_model', 'enhanced_use_model']) — returning mock response
2026-04-28 00:20:29 | INFO     | app.routers.enhanced_steel | Enhanced steel prediction request: app=structural repairs=1
2026-04-28 00:20:29 | WARNING  | app.services.enhanced_steel_service | Enhanced steel models not fully loaded (['enhanced_mech_model', 'enhanced_thermal_model', 'enhanced_repair_model', 'enhanced_use_model']) — returning mock response
2026-04-28 00:20:29 | INFO     | app.routers.enhanced_steel | Enhanced steel prediction request: app=structural repairs=2
2026-04-28 00:20:29 | WARNING  | app.services.enhanced_steel_service | Enhanced steel models not fully loaded (['enhanced_mech_model', 'enhanced_thermal_model', 'enhanced_repair_model', 'enhanced_use_model']) — returning mock response
2026-04-28 00:20:29 | INFO     | app.routers.enhanced_steel | Enhanced steel prediction request: app=structural repairs=3
2026-04-28 00:20:29 | WARNING  | app.services.enhanced_steel_service | Enhanced steel models not fully loaded (['enhanced_mech_model', 'enhanced_thermal_model', 'enhanced_repair_model', 'enhanced_use_model']) — returning mock response
2026-04-28 00:20:29 | INFO     | app.routers.enhanced_steel | Enhanced steel prediction request: app=structural repairs=4
2026-04-28 00:20:29 | WARNING  | app.services.enhanced_steel_service | Enhanced steel models not fully loaded (['enhanced_mech_model', 'enhanced_thermal_model', 'enhanced_repair_model', 'enhanced_use_model']) — returning mock response
2026-04-28 00:20:29 | INFO     | app.routers.enhanced_steel | Enhanced steel prediction request: app=structural repairs=5
2026-04-28 00:20:29 | WARNING  | app.services.enhanced_steel_service | Enhanced steel models not fully loaded (['enhanced_mech_model', 'enhanced_thermal_model', 'enhanced_repair_model', 'enhanced_use_model']) — returning mock response
2026-04-28 00:20:29 | INFO     | app.routers.enhanced_steel | Enhanced steel prediction request: app=structural repairs=6
2026-04-28 00:20:29 | WARNING  | app.services.enhanced_steel_service | Enhanced steel models not fully loaded (['enhanced_mech_model', 'enhanced_thermal_model', 'enhanced_repair_model', 'enhanced_use_model']) — returning mock response
2026-04-28 00:20:29 | INFO     | app.routers.enhanced_steel | Enhanced steel prediction request: app=structural repairs=7
2026-04-28 00:20:29 | WARNING  | app.services.enhanced_steel_service | Enhanced steel models not fully loaded (['enhanced_mech_model', 'enhanced_thermal_model', 'enhanced_repair_model', 'enhanced_use_model']) — returning mock response
2026-04-28 00:20:29 | INFO     | app.routers.enhanced_steel | Enhanced steel prediction request: app=structural repairs=8
2026-04-28 00:20:29 | WARNING  | app.services.enhanced_steel_service | Enhanced steel models not fully loaded (['enhanced_mech_model', 'enhanced_thermal_model', 'enhanced_repair_model', 'enhanced_use_model']) — returning mock response
2026-04-28 00:20:29 | INFO     | app.routers.enhanced_steel | Enhanced steel prediction request: app=structural repairs=9
2026-04-28 00:20:29 | WARNING  | app.services.enhanced_steel_service | Enhanced steel models not fully loaded (['enhanced_mech_model', 'enhanced_thermal_model', 'enhanced_repair_model', 'enhanced_use_model']) — returning mock response
2026-04-28 00:20:29 | INFO     | app.routers.enhanced_steel | Enhanced steel prediction request: app=structural repairs=10
2026-04-28 00:20:29 | WARNING  | app.services.enhanced_steel_service | Enhanced steel models not fully loaded (['enhanced_mech_model', 'enhanced_thermal_model', 'enhanced_repair_model', 'enhanced_use_model']) — returning mock response
2026-04-28 00:23:44 | INFO     | app.routers.enhanced_steel | Enhanced steel prediction request: app=structural repairs=0
2026-04-28 00:23:44 | WARNING  | app.services.enhanced_steel_service | Enhanced steel models not fully loaded (['enhanced_mech_model', 'enhanced_thermal_model', 'enhanced_repair_model', 'enhanced_use_model']) — returning mock response
2026-04-28 00:23:44 | INFO     | app.routers.enhanced_steel | Enhanced steel prediction request: app=structural repairs=0
2026-04-28 00:23:44 | WARNING  | app.services.enhanced_steel_service | Enhanced steel models not fully loaded (['enhanced_mech_model', 'enhanced_thermal_model', 'enhanced_repair_model', 'enhanced_use_model']) — returning mock response
2026-04-28 00:23:44 | INFO     | app.routers.enhanced_steel | Enhanced steel prediction request: app=structural repairs=1
2026-04-28 00:23:44 | WARNING  | app.services.enhanced_steel_service | Enhanced steel models not fully loaded (['enhanced_mech_model', 'enhanced_thermal_model', 'enhanced_repair_model', 'enhanced_use_model']) — returning mock response
2026-04-28 00:23:44 | INFO     | app.routers.enhanced_steel | Enhanced steel prediction request: app=structural repairs=2
2026-04-28 00:23:44 | WARNING  | app.services.enhanced_steel_service | Enhanced steel models not fully loaded (['enhanced_mech_model', 'enhanced_thermal_model', 'enhanced_repair_model', 'enhanced_use_model']) — returning mock response
2026-04-28 00:23:44 | INFO     | app.routers.enhanced_steel | Enhanced steel prediction request: app=structural repairs=3
2026-04-28 00:23:44 | WARNING  | app.services.enhanced_steel_service | Enhanced steel models not fully loaded (['enhanced_mech_model', 'enhanced_thermal_model', 'enhanced_repair_model', 'enhanced_use_model']) — returning mock response
2026-04-28 00:23:44 | INFO     | app.routers.enhanced_steel | Enhanced steel prediction request: app=structural repairs=4
2026-04-28 00:23:44 | WARNING  | app.services.enhanced_steel_service | Enhanced steel models not fully loaded (['enhanced_mech_model', 'enhanced_thermal_model', 'enhanced_repair_model', 'enhanced_use_model']) — returning mock response
2026-04-28 00:23:44 | INFO     | app.routers.enhanced_steel | Enhanced steel prediction request: app=structural repairs=5
2026-04-28 00:23:44 | WARNING  | app.services.enhanced_steel_service | Enhanced steel models not fully loaded (['enhanced_mech_model', 'enhanced_thermal_model', 'enhanced_repair_model', 'enhanced_use_model']) — returning mock response
2026-04-28 00:23:44 | INFO     | app.routers.enhanced_steel | Enhanced steel prediction request: app=structural repairs=6
2026-04-28 00:23:44 | WARNING  | app.services.enhanced_steel_service | Enhanced steel models not fully loaded (['enhanced_mech_model', 'enhanced_thermal_model', 'enhanced_repair_model', 'enhanced_use_model']) — returning mock response
2026-04-28 00:23:44 | INFO     | app.routers.enhanced_steel | Enhanced steel prediction request: app=structural repairs=7
2026-04-28 00:23:44 | WARNING  | app.services.enhanced_steel_service | Enhanced steel models not fully loaded (['enhanced_mech_model', 'enhanced_thermal_model', 'enhanced_repair_model', 'enhanced_use_model']) — returning mock response
2026-04-28 00:23:45 | INFO     | app.routers.enhanced_steel | Enhanced steel prediction request: app=structural repairs=8
2026-04-28 00:23:45 | WARNING  | app.services.enhanced_steel_service | Enhanced steel models not fully loaded (['enhanced_mech_model', 'enhanced_thermal_model', 'enhanced_repair_model', 'enhanced_use_model']) — returning mock response
2026-04-28 00:23:45 | INFO     | app.routers.enhanced_steel | Enhanced steel prediction request: app=structural repairs=9
2026-04-28 00:23:45 | WARNING  | app.services.enhanced_steel_service | Enhanced steel models not fully loaded (['enhanced_mech_model', 'enhanced_thermal_model', 'enhanced_repair_model', 'enhanced_use_model']) — returning mock response
2026-04-28 00:23:45 | INFO     | app.routers.enhanced_steel | Enhanced steel prediction request: app=structural repairs=10
2026-04-28 00:23:45 | WARNING  | app.services.enhanced_steel_service | Enhanced steel models not fully loaded (['enhanced_mech_model', 'enhanced_thermal_model', 'enhanced_repair_model', 'enhanced_use_model']) — returning mock response
2026-04-28 00:23:45 | INFO     | app.routers.enhanced_steel | Enhanced steel prediction request: app=structural repairs=0
2026-04-28 00:23:45 | WARNING  | app.services.enhanced_steel_service | Enhanced steel models not fully loaded (['enhanced_mech_model', 'enhanced_thermal_model', 'enhanced_repair_model', 'enhanced_use_model']) — returning mock response
2026-04-28 00:23:45 | INFO     | app.routers.enhanced_steel | Enhanced steel prediction request: app=structural repairs=2
2026-04-28 00:23:45 | WARNING  | app.services.enhanced_steel_service | Enhanced steel models not fully loaded (['enhanced_mech_model', 'enhanced_thermal_model', 'enhanced_repair_model', 'enhanced_use_model']) — returning mock response
2026-04-28 00:23:45 | INFO     | app.routers.enhanced_steel | Enhanced steel prediction request: app=structural repairs=1
2026-04-28 00:23:45 | WARNING  | app.services.enhanced_steel_service | Enhanced steel models not fully loaded (['enhanced_mech_model', 'enhanced_thermal_model', 'enhanced_repair_model', 'enhanced_use_model']) — returning mock response
2026-04-28 00:23:45 | INFO     | app.routers.enhanced_steel | Enhanced steel prediction request: app=structural repairs=3
2026-04-28 00:23:45 | WARNING  | app.services.enhanced_steel_service | Enhanced steel models not fully loaded (['enhanced_mech_model', 'enhanced_thermal_model', 'enhanced_repair_model', 'enhanced_use_model']) — returning mock response
2026-04-28 00:23:45 | INFO     | app.routers.enhanced_steel | Enhanced steel prediction request: app=structural repairs=4
2026-04-28 00:23:45 | WARNING  | app.services.enhanced_steel_service | Enhanced steel models not fully loaded (['enhanced_mech_model', 'enhanced_thermal_model', 'enhanced_repair_model', 'enhanced_use_model']) — returning mock response
2026-04-28 00:23:45 | INFO     | app.routers.enhanced_steel | Enhanced steel prediction request: app=structural repairs=5
2026-04-28 00:23:45 | WARNING  | app.services.enhanced_steel_service | Enhanced steel models not fully loaded (['enhanced_mech_model', 'enhanced_thermal_model', 'enhanced_repair_model', 'enhanced_use_model']) — returning mock response
2026-04-28 00:23:45 | INFO     | app.routers.enhanced_steel | Enhanced steel prediction request: app=structural repairs=6
2026-04-28 00:23:45 | WARNING  | app.services.enhanced_steel_service | Enhanced steel models not fully loaded (['enhanced_mech_model', 'enhanced_thermal_model', 'enhanced_repair_model', 'enhanced_use_model']) — returning mock response
2026-04-28 00:23:45 | INFO     | app.routers.enhanced_steel | Enhanced steel prediction request: app=structural repairs=7
2026-04-28 00:23:45 | WARNING  | app.services.enhanced_steel_service | Enhanced steel models not fully loaded (['enhanced_mech_model', 'enhanced_thermal_model', 'enhanced_repair_model', 'enhanced_use_model']) — returning mock response
2026-04-28 00:23:45 | INFO     | app.routers.enhanced_steel | Enhanced steel prediction request: app=structural repairs=8
2026-04-28 00:23:45 | WARNING  | app.services.enhanced_steel_service | Enhanced steel models not fully loaded (['enhanced_mech_model', 'enhanced_thermal_model', 'enhanced_repair_model', 'enhanced_use_model']) — returning mock response
2026-04-28 00:23:45 | INFO     | app.routers.enhanced_steel | Enhanced steel prediction request: app=structural repairs=9
2026-04-28 00:23:45 | WARNING  | app.services.enhanced_steel_service | Enhanced steel models not fully loaded (['enhanced_mech_model', 'enhanced_thermal_model', 'enhanced_repair_model', 'enhanced_use_model']) — returning mock response
2026-04-28 00:23:45 | INFO     | app.routers.enhanced_steel | Enhanced steel prediction request: app=structural repairs=10
2026-04-28 00:23:45 | WARNING  | app.services.enhanced_steel_service | Enhanced steel models not fully loaded (['enhanced_mech_model', 'enhanced_thermal_model', 'enhanced_repair_model', 'enhanced_use_model']) — returning mock response
2026-04-28 00:27:32 | INFO     | app.routers.enhanced_steel | Enhanced steel prediction request: app=structural repairs=1
2026-04-28 00:27:32 | WARNING  | app.services.enhanced_steel_service | Enhanced steel models not fully loaded (['enhanced_mech_model', 'enhanced_thermal_model', 'enhanced_repair_model', 'enhanced_use_model']) — returning mock response
2026-04-28 00:27:32 | INFO     | app.routers.enhanced_steel | Enhanced steel prediction request: app=structural repairs=0
2026-04-28 00:27:32 | WARNING  | app.services.enhanced_steel_service | Enhanced steel models not fully loaded (['enhanced_mech_model', 'enhanced_thermal_model', 'enhanced_repair_model', 'enhanced_use_model']) — returning mock response
2026-04-28 00:27:32 | INFO     | app.routers.enhanced_steel | Enhanced steel prediction request: app=structural repairs=3
2026-04-28 00:27:32 | WARNING  | app.services.enhanced_steel_service | Enhanced steel models not fully loaded (['enhanced_mech_model', 'enhanced_thermal_model', 'enhanced_repair_model', 'enhanced_use_model']) — returning mock response
2026-04-28 00:27:32 | INFO     | app.routers.enhanced_steel | Enhanced steel prediction request: app=structural repairs=2
2026-04-28 00:27:32 | WARNING  | app.services.enhanced_steel_service | Enhanced steel models not fully loaded (['enhanced_mech_model', 'enhanced_thermal_model', 'enhanced_repair_model', 'enhanced_use_model']) — returning mock response
2026-04-28 00:27:32 | INFO     | app.routers.enhanced_steel | Enhanced steel prediction request: app=bridge repairs=0
2026-04-28 00:27:32 | WARNING  | app.services.enhanced_steel_service | Enhanced steel models not fully loaded (['enhanced_mech_model', 'enhanced_thermal_model', 'enhanced_repair_model', 'enhanced_use_model']) — returning mock response
2026-04-28 00:27:32 | INFO     | app.routers.enhanced_steel | Enhanced steel prediction request: app=bridge repairs=1
2026-04-28 00:27:32 | WARNING  | app.services.enhanced_steel_service | Enhanced steel models not fully loaded (['enhanced_mech_model', 'enhanced_thermal_model', 'enhanced_repair_model', 'enhanced_use_model']) — returning mock response
2026-04-28 00:27:32 | INFO     | app.routers.enhanced_steel | Enhanced steel prediction request: app=bridge repairs=2
2026-04-28 00:27:32 | WARNING  | app.services.enhanced_steel_service | Enhanced steel models not fully loaded (['enhanced_mech_model', 'enhanced_thermal_model', 'enhanced_repair_model', 'enhanced_use_model']) — returning mock response
2026-04-28 00:27:32 | INFO     | app.routers.enhanced_steel | Enhanced steel prediction request: app=structural repairs=4
2026-04-28 00:27:32 | WARNING  | app.services.enhanced_steel_service | Enhanced steel models not fully loaded (['enhanced_mech_model', 'enhanced_thermal_model', 'enhanced_repair_model', 'enhanced_use_model']) — returning mock response
2026-04-28 00:27:32 | INFO     | app.routers.enhanced_steel | Enhanced steel prediction request: app=structural repairs=5
2026-04-28 00:27:32 | WARNING  | app.services.enhanced_steel_service | Enhanced steel models not fully loaded (['enhanced_mech_model', 'enhanced_thermal_model', 'enhanced_repair_model', 'enhanced_use_model']) — returning mock response
2026-04-28 00:27:32 | INFO     | app.routers.enhanced_steel | Enhanced steel prediction request: app=bridge repairs=3
2026-04-28 00:27:32 | WARNING  | app.services.enhanced_steel_service | Enhanced steel models not fully loaded (['enhanced_mech_model', 'enhanced_thermal_model', 'enhanced_repair_model', 'enhanced_use_model']) — returning mock response
2026-04-28 00:27:32 | INFO     | app.routers.enhanced_steel | Enhanced steel prediction request: app=bridge repairs=4
2026-04-28 00:27:32 | WARNING  | app.services.enhanced_steel_service | Enhanced steel models not fully loaded (['enhanced_mech_model', 'enhanced_thermal_model', 'enhanced_repair_model', 'enhanced_use_model']) — returning mock response
2026-04-28 00:27:32 | INFO     | app.routers.enhanced_steel | Enhanced steel prediction request: app=bridge repairs=5
2026-04-28 00:27:32 | WARNING  | app.services.enhanced_steel_service | Enhanced steel models not fully loaded (['enhanced_mech_model', 'enhanced_thermal_model', 'enhanced_repair_model', 'enhanced_use_model']) — returning mock response
2026-04-28 00:27:32 | INFO     | app.routers.enhanced_steel | Enhanced steel prediction request: app=structural repairs=6
2026-04-28 00:27:32 | WARNING  | app.services.enhanced_steel_service | Enhanced steel models not fully loaded (['enhanced_mech_model', 'enhanced_thermal_model', 'enhanced_repair_model', 'enhanced_use_model']) — returning mock response
2026-04-28 00:27:32 | INFO     | app.routers.enhanced_steel | Enhanced steel prediction request: app=structural repairs=7
2026-04-28 00:27:32 | WARNING  | app.services.enhanced_steel_service | Enhanced steel models not fully loaded (['enhanced_mech_model', 'enhanced_thermal_model', 'enhanced_repair_model', 'enhanced_use_model']) — returning mock response
2026-04-28 00:27:32 | INFO     | app.routers.enhanced_steel | Enhanced steel prediction request: app=structural repairs=8
2026-04-28 00:27:32 | WARNING  | app.services.enhanced_steel_service | Enhanced steel models not fully loaded (['enhanced_mech_model', 'enhanced_thermal_model', 'enhanced_repair_model', 'enhanced_use_model']) — returning mock response
2026-04-28 00:27:32 | INFO     | app.routers.enhanced_steel | Enhanced steel prediction request: app=structural repairs=9
2026-04-28 00:27:32 | WARNING  | app.services.enhanced_steel_service | Enhanced steel models not fully loaded (['enhanced_mech_model', 'enhanced_thermal_model', 'enhanced_repair_model', 'enhanced_use_model']) — returning mock response
2026-04-28 00:27:32 | INFO     | app.routers.enhanced_steel | Enhanced steel prediction request: app=bridge repairs=6
2026-04-28 00:27:32 | WARNING  | app.services.enhanced_steel_service | Enhanced steel models not fully loaded (['enhanced_mech_model', 'enhanced_thermal_model', 'enhanced_repair_model', 'enhanced_use_model']) — returning mock response
2026-04-28 00:27:32 | INFO     | app.routers.enhanced_steel | Enhanced steel prediction request: app=bridge repairs=7
2026-04-28 00:27:32 | WARNING  | app.services.enhanced_steel_service | Enhanced steel models not fully loaded (['enhanced_mech_model', 'enhanced_thermal_model', 'enhanced_repair_model', 'enhanced_use_model']) — returning mock response
2026-04-28 00:27:32 | INFO     | app.routers.enhanced_steel | Enhanced steel prediction request: app=bridge repairs=8
2026-04-28 00:27:32 | WARNING  | app.services.enhanced_steel_service | Enhanced steel models not fully loaded (['enhanced_mech_model', 'enhanced_thermal_model', 'enhanced_repair_model', 'enhanced_use_model']) — returning mock response
2026-04-28 00:27:32 | INFO     | app.routers.enhanced_steel | Enhanced steel prediction request: app=structural repairs=10
2026-04-28 00:27:32 | WARNING  | app.services.enhanced_steel_service | Enhanced steel models not fully loaded (['enhanced_mech_model', 'enhanced_thermal_model', 'enhanced_repair_model', 'enhanced_use_model']) — returning mock response
2026-04-28 00:27:32 | INFO     | app.routers.enhanced_steel | Enhanced steel prediction request: app=structural repairs=0
2026-04-28 00:27:32 | WARNING  | app.services.enhanced_steel_service | Enhanced steel models not fully loaded (['enhanced_mech_model', 'enhanced_thermal_model', 'enhanced_repair_model', 'enhanced_use_model']) — returning mock response
2026-04-28 00:27:32 | INFO     | app.routers.enhanced_steel | Enhanced steel prediction request: app=bridge repairs=9
2026-04-28 00:27:32 | WARNING  | app.services.enhanced_steel_service | Enhanced steel models not fully loaded (['enhanced_mech_model', 'enhanced_thermal_model', 'enhanced_repair_model', 'enhanced_use_model']) — returning mock response
2026-04-28 00:27:32 | INFO     | app.routers.enhanced_steel | Enhanced steel prediction request: app=bridge repairs=10
2026-04-28 00:27:32 | WARNING  | app.services.enhanced_steel_service | Enhanced steel models not fully loaded (['enhanced_mech_model', 'enhanced_thermal_model', 'enhanced_repair_model', 'enhanced_use_model']) — returning mock response
2026-04-28 00:27:32 | INFO     | app.routers.enhanced_steel | Enhanced steel prediction request: app=structural repairs=1
2026-04-28 00:27:32 | WARNING  | app.services.enhanced_steel_service | Enhanced steel models not fully loaded (['enhanced_mech_model', 'enhanced_thermal_model', 'enhanced_repair_model', 'enhanced_use_model']) — returning mock response
2026-04-28 00:27:32 | INFO     | app.routers.enhanced_steel | Enhanced steel prediction request: app=structural repairs=3
2026-04-28 00:27:32 | WARNING  | app.services.enhanced_steel_service | Enhanced steel models not fully loaded (['enhanced_mech_model', 'enhanced_thermal_model', 'enhanced_repair_model', 'enhanced_use_model']) — returning mock response
2026-04-28 00:27:32 | INFO     | app.routers.enhanced_steel | Enhanced steel prediction request: app=structural repairs=2
2026-04-28 00:27:32 | WARNING  | app.services.enhanced_steel_service | Enhanced steel models not fully loaded (['enhanced_mech_model', 'enhanced_thermal_model', 'enhanced_repair_model', 'enhanced_use_model']) — returning mock response
2026-04-28 00:27:32 | INFO     | app.routers.enhanced_steel | Enhanced steel prediction request: app=structural repairs=4
2026-04-28 00:27:32 | WARNING  | app.services.enhanced_steel_service | Enhanced steel models not fully loaded (['enhanced_mech_model', 'enhanced_thermal_model', 'enhanced_repair_model', 'enhanced_use_model']) — returning mock response
2026-04-28 00:27:32 | INFO     | app.routers.enhanced_steel | Enhanced steel prediction request: app=structural repairs=5
2026-04-28 00:27:32 | WARNING  | app.services.enhanced_steel_service | Enhanced steel models not fully loaded (['enhanced_mech_model', 'enhanced_thermal_model', 'enhanced_repair_model', 'enhanced_use_model']) — returning mock response
2026-04-28 00:27:32 | INFO     | app.routers.enhanced_steel | Enhanced steel prediction request: app=structural repairs=6
2026-04-28 00:27:32 | WARNING  | app.services.enhanced_steel_service | Enhanced steel models not fully loaded (['enhanced_mech_model', 'enhanced_thermal_model', 'enhanced_repair_model', 'enhanced_use_model']) — returning mock response
2026-04-28 00:27:32 | INFO     | app.routers.enhanced_steel | Enhanced steel prediction request: app=structural repairs=7
2026-04-28 00:27:32 | WARNING  | app.services.enhanced_steel_service | Enhanced steel models not fully loaded (['enhanced_mech_model', 'enhanced_thermal_model', 'enhanced_repair_model', 'enhanced_use_model']) — returning mock response
2026-04-28 00:27:32 | INFO     | app.routers.enhanced_steel | Enhanced steel prediction request: app=structural repairs=8
2026-04-28 00:27:32 | WARNING  | app.services.enhanced_steel_service | Enhanced steel models not fully loaded (['enhanced_mech_model', 'enhanced_thermal_model', 'enhanced_repair_model', 'enhanced_use_model']) — returning mock response
2026-04-28 00:27:32 | INFO     | app.routers.enhanced_steel | Enhanced steel prediction request: app=structural repairs=9
2026-04-28 00:27:32 | WARNING  | app.services.enhanced_steel_service | Enhanced steel models not fully loaded (['enhanced_mech_model', 'enhanced_thermal_model', 'enhanced_repair_model', 'enhanced_use_model']) — returning mock response
2026-04-28 00:27:32 | INFO     | app.routers.enhanced_steel | Enhanced steel prediction request: app=structural repairs=10
2026-04-28 00:27:32 | WARNING  | app.services.enhanced_steel_service | Enhanced steel models not fully loaded (['enhanced_mech_model', 'enhanced_thermal_model', 'enhanced_repair_model', 'enhanced_use_model']) — returning mock response
2026-04-28 00:27:32 | INFO     | app.routers.enhanced_steel | Enhanced steel prediction request: app=structural repairs=0
2026-04-28 00:27:32 | WARNING  | app.services.enhanced_steel_service | Enhanced steel models not fully loaded (['enhanced_mech_model', 'enhanced_thermal_model', 'enhanced_repair_model', 'enhanced_use_model']) — returning mock response
2026-04-28 00:27:32 | INFO     | app.routers.enhanced_steel | Enhanced steel prediction request: app=structural repairs=1
2026-04-28 00:27:32 | WARNING  | app.services.enhanced_steel_service | Enhanced steel models not fully loaded (['enhanced_mech_model', 'enhanced_thermal_model', 'enhanced_repair_model', 'enhanced_use_model']) — returning mock response
2026-04-28 00:27:32 | INFO     | app.routers.enhanced_steel | Enhanced steel prediction request: app=structural repairs=2
2026-04-28 00:27:32 | WARNING  | app.services.enhanced_steel_service | Enhanced steel models not fully loaded (['enhanced_mech_model', 'enhanced_thermal_model', 'enhanced_repair_model', 'enhanced_use_model']) — returning mock response
2026-04-28 00:27:32 | INFO     | app.routers.enhanced_steel | Enhanced steel prediction request: app=structural repairs=3
2026-04-28 00:27:32 | WARNING  | app.services.enhanced_steel_service | Enhanced steel models not fully loaded (['enhanced_mech_model', 'enhanced_thermal_model', 'enhanced_repair_model', 'enhanced_use_model']) — returning mock response
2026-04-28 00:27:32 | INFO     | app.routers.enhanced_steel | Enhanced steel prediction request: app=structural repairs=4
2026-04-28 00:27:32 | WARNING  | app.services.enhanced_steel_service | Enhanced steel models not fully loaded (['enhanced_mech_model', 'enhanced_thermal_model', 'enhanced_repair_model', 'enhanced_use_model']) — returning mock response
2026-04-28 00:27:32 | INFO     | app.routers.enhanced_steel | Enhanced steel prediction request: app=structural repairs=5
2026-04-28 00:27:32 | WARNING  | app.services.enhanced_steel_service | Enhanced steel models not fully loaded (['enhanced_mech_model', 'enhanced_thermal_model', 'enhanced_repair_model', 'enhanced_use_model']) — returning mock response
2026-04-28 00:27:32 | INFO     | app.routers.enhanced_steel | Enhanced steel prediction request: app=structural repairs=6
2026-04-28 00:27:32 | WARNING  | app.services.enhanced_steel_service | Enhanced steel models not fully loaded (['enhanced_mech_model', 'enhanced_thermal_model', 'enhanced_repair_model', 'enhanced_use_model']) — returning mock response
2026-04-28 00:27:32 | INFO     | app.routers.enhanced_steel | Enhanced steel prediction request: app=structural repairs=7
2026-04-28 00:27:32 | WARNING  | app.services.enhanced_steel_service | Enhanced steel models not fully loaded (['enhanced_mech_model', 'enhanced_thermal_model', 'enhanced_repair_model', 'enhanced_use_model']) — returning mock response
2026-04-28 00:27:32 | INFO     | app.routers.enhanced_steel | Enhanced steel prediction request: app=structural repairs=8
2026-04-28 00:27:32 | WARNING  | app.services.enhanced_steel_service | Enhanced steel models not fully loaded (['enhanced_mech_model', 'enhanced_thermal_model', 'enhanced_repair_model', 'enhanced_use_model']) — returning mock response
2026-04-28 00:27:32 | INFO     | app.routers.enhanced_steel | Enhanced steel prediction request: app=structural repairs=9
2026-04-28 00:27:32 | WARNING  | app.services.enhanced_steel_service | Enhanced steel models not fully loaded (['enhanced_mech_model', 'enhanced_thermal_model', 'enhanced_repair_model', 'enhanced_use_model']) — returning mock response
2026-04-28 00:27:32 | INFO     | app.routers.enhanced_steel | Enhanced steel prediction request: app=structural repairs=10
2026-04-28 00:27:32 | WARNING  | app.services.enhanced_steel_service | Enhanced steel models not fully loaded (['enhanced_mech_model', 'enhanced_thermal_model', 'enhanced_repair_model', 'enhanced_use_model']) — returning mock response
2026-04-28 00:36:53 | INFO     | app.routers.enhanced_steel | Enhanced steel prediction request: app=pressure_vessel repairs=0
2026-04-28 00:36:53 | WARNING  | app.services.enhanced_steel_service | Enhanced steel models not fully loaded (['enhanced_mech_model', 'enhanced_thermal_model', 'enhanced_repair_model', 'enhanced_use_model']) — returning mock response
2026-04-28 00:36:53 | INFO     | app.routers.enhanced_steel | Enhanced steel prediction request: app=pressure_vessel repairs=1
2026-04-28 00:36:53 | WARNING  | app.services.enhanced_steel_service | Enhanced steel models not fully loaded (['enhanced_mech_model', 'enhanced_thermal_model', 'enhanced_repair_model', 'enhanced_use_model']) — returning mock response
2026-04-28 00:36:53 | INFO     | app.routers.enhanced_steel | Enhanced steel prediction request: app=pressure_vessel repairs=2
2026-04-28 00:36:53 | WARNING  | app.services.enhanced_steel_service | Enhanced steel models not fully loaded (['enhanced_mech_model', 'enhanced_thermal_model', 'enhanced_repair_model', 'enhanced_use_model']) — returning mock response
2026-04-28 00:36:53 | INFO     | app.routers.enhanced_steel | Enhanced steel prediction request: app=pressure_vessel repairs=3
2026-04-28 00:36:53 | WARNING  | app.services.enhanced_steel_service | Enhanced steel models not fully loaded (['enhanced_mech_model', 'enhanced_thermal_model', 'enhanced_repair_model', 'enhanced_use_model']) — returning mock response
2026-04-28 00:36:53 | INFO     | app.routers.enhanced_steel | Enhanced steel prediction request: app=pressure_vessel repairs=4
2026-04-28 00:36:53 | WARNING  | app.services.enhanced_steel_service | Enhanced steel models not fully loaded (['enhanced_mech_model', 'enhanced_thermal_model', 'enhanced_repair_model', 'enhanced_use_model']) — returning mock response
2026-04-28 00:36:53 | INFO     | app.routers.enhanced_steel | Enhanced steel prediction request: app=pressure_vessel repairs=5
2026-04-28 00:36:53 | WARNING  | app.services.enhanced_steel_service | Enhanced steel models not fully loaded (['enhanced_mech_model', 'enhanced_thermal_model', 'enhanced_repair_model', 'enhanced_use_model']) — returning mock response
2026-04-28 00:36:53 | INFO     | app.routers.enhanced_steel | Enhanced steel prediction request: app=pressure_vessel repairs=6
2026-04-28 00:36:53 | WARNING  | app.services.enhanced_steel_service | Enhanced steel models not fully loaded (['enhanced_mech_model', 'enhanced_thermal_model', 'enhanced_repair_model', 'enhanced_use_model']) — returning mock response
2026-04-28 00:36:53 | INFO     | app.routers.enhanced_steel | Enhanced steel prediction request: app=pressure_vessel repairs=7
2026-04-28 00:36:53 | WARNING  | app.services.enhanced_steel_service | Enhanced steel models not fully loaded (['enhanced_mech_model', 'enhanced_thermal_model', 'enhanced_repair_model', 'enhanced_use_model']) — returning mock response
2026-04-28 00:36:53 | INFO     | app.routers.enhanced_steel | Enhanced steel prediction request: app=pressure_vessel repairs=8
2026-04-28 00:36:53 | WARNING  | app.services.enhanced_steel_service | Enhanced steel models not fully loaded (['enhanced_mech_model', 'enhanced_thermal_model', 'enhanced_repair_model', 'enhanced_use_model']) — returning mock response
2026-04-28 00:36:53 | INFO     | app.routers.enhanced_steel | Enhanced steel prediction request: app=pressure_vessel repairs=9
2026-04-28 00:36:53 | WARNING  | app.services.enhanced_steel_service | Enhanced steel models not fully loaded (['enhanced_mech_model', 'enhanced_thermal_model', 'enhanced_repair_model', 'enhanced_use_model']) — returning mock response
2026-04-28 00:36:53 | INFO     | app.routers.enhanced_steel | Enhanced steel prediction request: app=pressure_vessel repairs=10
2026-04-28 00:36:53 | WARNING  | app.services.enhanced_steel_service | Enhanced steel models not fully loaded (['enhanced_mech_model', 'enhanced_thermal_model', 'enhanced_repair_model', 'enhanced_use_model']) — returning mock response
2026-04-28 00:36:54 | INFO     | app.routers.enhanced_steel | Enhanced steel prediction request: app=bridge repairs=0
2026-04-28 00:36:54 | WARNING  | app.services.enhanced_steel_service | Enhanced steel models not fully loaded (['enhanced_mech_model', 'enhanced_thermal_model', 'enhanced_repair_model', 'enhanced_use_model']) — returning mock response
2026-04-28 00:36:54 | INFO     | app.routers.enhanced_steel | Enhanced steel prediction request: app=bridge repairs=1
2026-04-28 00:36:54 | WARNING  | app.services.enhanced_steel_service | Enhanced steel models not fully loaded (['enhanced_mech_model', 'enhanced_thermal_model', 'enhanced_repair_model', 'enhanced_use_model']) — returning mock response
2026-04-28 00:36:54 | INFO     | app.routers.enhanced_steel | Enhanced steel prediction request: app=bridge repairs=2
2026-04-28 00:36:54 | WARNING  | app.services.enhanced_steel_service | Enhanced steel models not fully loaded (['enhanced_mech_model', 'enhanced_thermal_model', 'enhanced_repair_model', 'enhanced_use_model']) — returning mock response
2026-04-28 00:36:54 | INFO     | app.routers.enhanced_steel | Enhanced steel prediction request: app=bridge repairs=3
2026-04-28 00:36:54 | WARNING  | app.services.enhanced_steel_service | Enhanced steel models not fully loaded (['enhanced_mech_model', 'enhanced_thermal_model', 'enhanced_repair_model', 'enhanced_use_model']) — returning mock response
2026-04-28 00:36:54 | INFO     | app.routers.enhanced_steel | Enhanced steel prediction request: app=bridge repairs=4
2026-04-28 00:36:54 | WARNING  | app.services.enhanced_steel_service | Enhanced steel models not fully loaded (['enhanced_mech_model', 'enhanced_thermal_model', 'enhanced_repair_model', 'enhanced_use_model']) — returning mock response
2026-04-28 00:36:54 | INFO     | app.routers.enhanced_steel | Enhanced steel prediction request: app=bridge repairs=5
2026-04-28 00:36:54 | WARNING  | app.services.enhanced_steel_service | Enhanced steel models not fully loaded (['enhanced_mech_model', 'enhanced_thermal_model', 'enhanced_repair_model', 'enhanced_use_model']) — returning mock response
2026-04-28 00:36:54 | INFO     | app.routers.enhanced_steel | Enhanced steel prediction request: app=bridge repairs=6
2026-04-28 00:36:54 | WARNING  | app.services.enhanced_steel_service | Enhanced steel models not fully loaded (['enhanced_mech_model', 'enhanced_thermal_model', 'enhanced_repair_model', 'enhanced_use_model']) — returning mock response
2026-04-28 00:36:54 | INFO     | app.routers.enhanced_steel | Enhanced steel prediction request: app=bridge repairs=7
2026-04-28 00:36:54 | WARNING  | app.services.enhanced_steel_service | Enhanced steel models not fully loaded (['enhanced_mech_model', 'enhanced_thermal_model', 'enhanced_repair_model', 'enhanced_use_model']) — returning mock response
2026-04-28 00:36:54 | INFO     | app.routers.enhanced_steel | Enhanced steel prediction request: app=bridge repairs=8
2026-04-28 00:36:54 | WARNING  | app.services.enhanced_steel_service | Enhanced steel models not fully loaded (['enhanced_mech_model', 'enhanced_thermal_model', 'enhanced_repair_model', 'enhanced_use_model']) — returning mock response
2026-04-28 00:36:54 | INFO     | app.routers.enhanced_steel | Enhanced steel prediction request: app=bridge repairs=10
2026-04-28 00:36:54 | WARNING  | app.services.enhanced_steel_service | Enhanced steel models not fully loaded (['enhanced_mech_model', 'enhanced_thermal_model', 'enhanced_repair_model', 'enhanced_use_model']) — returning mock response
2026-04-28 00:36:54 | INFO     | app.routers.enhanced_steel | Enhanced steel prediction request: app=bridge repairs=9
2026-04-28 00:36:54 | WARNING  | app.services.enhanced_steel_service | Enhanced steel models not fully loaded (['enhanced_mech_model', 'enhanced_thermal_model', 'enhanced_repair_model', 'enhanced_use_model']) — returning mock response
2026-04-28 00:36:55 | INFO     | app.routers.enhanced_steel | Enhanced steel prediction request: app=offshore repairs=0
2026-04-28 00:36:55 | WARNING  | app.services.enhanced_steel_service | Enhanced steel models not fully loaded (['enhanced_mech_model', 'enhanced_thermal_model', 'enhanced_repair_model', 'enhanced_use_model']) — returning mock response
2026-04-28 00:36:55 | INFO     | app.routers.enhanced_steel | Enhanced steel prediction request: app=offshore repairs=1
2026-04-28 00:36:55 | WARNING  | app.services.enhanced_steel_service | Enhanced steel models not fully loaded (['enhanced_mech_model', 'enhanced_thermal_model', 'enhanced_repair_model', 'enhanced_use_model']) — returning mock response
2026-04-28 00:36:55 | INFO     | app.routers.enhanced_steel | Enhanced steel prediction request: app=offshore repairs=3
2026-04-28 00:36:55 | WARNING  | app.services.enhanced_steel_service | Enhanced steel models not fully loaded (['enhanced_mech_model', 'enhanced_thermal_model', 'enhanced_repair_model', 'enhanced_use_model']) — returning mock response
2026-04-28 00:36:55 | INFO     | app.routers.enhanced_steel | Enhanced steel prediction request: app=offshore repairs=2
2026-04-28 00:36:55 | WARNING  | app.services.enhanced_steel_service | Enhanced steel models not fully loaded (['enhanced_mech_model', 'enhanced_thermal_model', 'enhanced_repair_model', 'enhanced_use_model']) — returning mock response
2026-04-28 00:36:55 | INFO     | app.routers.enhanced_steel | Enhanced steel prediction request: app=offshore repairs=4
2026-04-28 00:36:55 | WARNING  | app.services.enhanced_steel_service | Enhanced steel models not fully loaded (['enhanced_mech_model', 'enhanced_thermal_model', 'enhanced_repair_model', 'enhanced_use_model']) — returning mock response
2026-04-28 00:36:55 | INFO     | app.routers.enhanced_steel | Enhanced steel prediction request: app=offshore repairs=5
2026-04-28 00:36:55 | WARNING  | app.services.enhanced_steel_service | Enhanced steel models not fully loaded (['enhanced_mech_model', 'enhanced_thermal_model', 'enhanced_repair_model', 'enhanced_use_model']) — returning mock response
2026-04-28 00:36:55 | INFO     | app.routers.enhanced_steel | Enhanced steel prediction request: app=offshore repairs=6
2026-04-28 00:36:55 | WARNING  | app.services.enhanced_steel_service | Enhanced steel models not fully loaded (['enhanced_mech_model', 'enhanced_thermal_model', 'enhanced_repair_model', 'enhanced_use_model']) — returning mock response
2026-04-28 00:36:55 | INFO     | app.routers.enhanced_steel | Enhanced steel prediction request: app=offshore repairs=7
2026-04-28 00:36:55 | WARNING  | app.services.enhanced_steel_service | Enhanced steel models not fully loaded (['enhanced_mech_model', 'enhanced_thermal_model', 'enhanced_repair_model', 'enhanced_use_model']) — returning mock response
2026-04-28 00:36:55 | INFO     | app.routers.enhanced_steel | Enhanced steel prediction request: app=offshore repairs=8
2026-04-28 00:36:55 | WARNING  | app.services.enhanced_steel_service | Enhanced steel models not fully loaded (['enhanced_mech_model', 'enhanced_thermal_model', 'enhanced_repair_model', 'enhanced_use_model']) — returning mock response
2026-04-28 00:36:55 | INFO     | app.routers.enhanced_steel | Enhanced steel prediction request: app=offshore repairs=9
2026-04-28 00:36:55 | WARNING  | app.services.enhanced_steel_service | Enhanced steel models not fully loaded (['enhanced_mech_model', 'enhanced_thermal_model', 'enhanced_repair_model', 'enhanced_use_model']) — returning mock response
2026-04-28 00:36:55 | INFO     | app.routers.enhanced_steel | Enhanced steel prediction request: app=offshore repairs=10
2026-04-28 00:36:55 | WARNING  | app.services.enhanced_steel_service | Enhanced steel models not fully loaded (['enhanced_mech_model', 'enhanced_thermal_model', 'enhanced_repair_model', 'enhanced_use_model']) — returning mock response
2026-04-28 00:36:56 | INFO     | app.routers.enhanced_steel | Enhanced steel prediction request: app=rotating_machinery repairs=0
2026-04-28 00:36:56 | WARNING  | app.services.enhanced_steel_service | Enhanced steel models not fully loaded (['enhanced_mech_model', 'enhanced_thermal_model', 'enhanced_repair_model', 'enhanced_use_model']) — returning mock response
2026-04-28 00:36:56 | INFO     | app.routers.enhanced_steel | Enhanced steel prediction request: app=rotating_machinery repairs=1
2026-04-28 00:36:56 | WARNING  | app.services.enhanced_steel_service | Enhanced steel models not fully loaded (['enhanced_mech_model', 'enhanced_thermal_model', 'enhanced_repair_model', 'enhanced_use_model']) — returning mock response
2026-04-28 00:36:56 | INFO     | app.routers.enhanced_steel | Enhanced steel prediction request: app=rotating_machinery repairs=2
2026-04-28 00:36:56 | WARNING  | app.services.enhanced_steel_service | Enhanced steel models not fully loaded (['enhanced_mech_model', 'enhanced_thermal_model', 'enhanced_repair_model', 'enhanced_use_model']) — returning mock response
2026-04-28 00:36:56 | INFO     | app.routers.enhanced_steel | Enhanced steel prediction request: app=rotating_machinery repairs=3
2026-04-28 00:36:56 | WARNING  | app.services.enhanced_steel_service | Enhanced steel models not fully loaded (['enhanced_mech_model', 'enhanced_thermal_model', 'enhanced_repair_model', 'enhanced_use_model']) — returning mock response
2026-04-28 00:36:56 | INFO     | app.routers.enhanced_steel | Enhanced steel prediction request: app=rotating_machinery repairs=4
2026-04-28 00:36:56 | WARNING  | app.services.enhanced_steel_service | Enhanced steel models not fully loaded (['enhanced_mech_model', 'enhanced_thermal_model', 'enhanced_repair_model', 'enhanced_use_model']) — returning mock response
2026-04-28 00:36:56 | INFO     | app.routers.enhanced_steel | Enhanced steel prediction request: app=rotating_machinery repairs=5
2026-04-28 00:36:56 | WARNING  | app.services.enhanced_steel_service | Enhanced steel models not fully loaded (['enhanced_mech_model', 'enhanced_thermal_model', 'enhanced_repair_model', 'enhanced_use_model']) — returning mock response
2026-04-28 00:36:56 | INFO     | app.routers.enhanced_steel | Enhanced steel prediction request: app=rotating_machinery repairs=6
2026-04-28 00:36:56 | WARNING  | app.services.enhanced_steel_service | Enhanced steel models not fully loaded (['enhanced_mech_model', 'enhanced_thermal_model', 'enhanced_repair_model', 'enhanced_use_model']) — returning mock response
2026-04-28 00:36:56 | INFO     | app.routers.enhanced_steel | Enhanced steel prediction request: app=rotating_machinery repairs=7
2026-04-28 00:36:56 | WARNING  | app.services.enhanced_steel_service | Enhanced steel models not fully loaded (['enhanced_mech_model', 'enhanced_thermal_model', 'enhanced_repair_model', 'enhanced_use_model']) — returning mock response
2026-04-28 00:36:56 | INFO     | app.routers.enhanced_steel | Enhanced steel prediction request: app=rotating_machinery repairs=8
2026-04-28 00:36:56 | WARNING  | app.services.enhanced_steel_service | Enhanced steel models not fully loaded (['enhanced_mech_model', 'enhanced_thermal_model', 'enhanced_repair_model', 'enhanced_use_model']) — returning mock response
2026-04-28 00:36:56 | INFO     | app.routers.enhanced_steel | Enhanced steel prediction request: app=rotating_machinery repairs=9
2026-04-28 00:36:56 | WARNING  | app.services.enhanced_steel_service | Enhanced steel models not fully loaded (['enhanced_mech_model', 'enhanced_thermal_model', 'enhanced_repair_model', 'enhanced_use_model']) — returning mock response
2026-04-28 00:36:56 | INFO     | app.routers.enhanced_steel | Enhanced steel prediction request: app=rotating_machinery repairs=10
2026-04-28 00:36:56 | WARNING  | app.services.enhanced_steel_service | Enhanced steel models not fully loaded (['enhanced_mech_model', 'enhanced_thermal_model', 'enhanced_repair_model', 'enhanced_use_model']) — returning mock response
2026-04-28 00:37:51 | INFO     | app.routers.structural | Structural analysis request: {'shape': 'rectangular_beam', 'material_type': 'steel', 'length': 6.0, 'width': 0.3, 'depth': 0.5, 'axial_load_kn': 0.0, 'bending_moment_knm': 120.0, 'shear_force_kn': 80.0, 'inclination_deg': 0.0, 'exposure_class': 'moderate', 'concrete_fck_mpa': 30.0, 'steel_application': 'structural'}
2026-04-28 00:37:51 | WARNING  | app.services.enhanced_steel_service | Enhanced steel models not fully loaded (['enhanced_mech_model', 'enhanced_thermal_model', 'enhanced_repair_model', 'enhanced_use_model']) — returning mock response
2026-04-28 00:38:59 | INFO     | app.routers.structural | Structural analysis request: {'shape': 'rectangular_beam', 'material_type': 'steel', 'length': 6.0, 'width': 0.3, 'depth': 0.5, 'axial_load_kn': 0.0, 'bending_moment_knm': 120.0, 'shear_force_kn': 80.0, 'inclination_deg': 0.0, 'exposure_class': 'moderate', 'concrete_fck_mpa': 30.0, 'steel_application': 'structural'}
2026-04-28 00:38:59 | WARNING  | app.services.enhanced_steel_service | Enhanced steel models not fully loaded (['enhanced_mech_model', 'enhanced_thermal_model', 'enhanced_repair_model', 'enhanced_use_model']) — returning mock response
2026-04-28 00:40:10 | INFO     | app.routers.structural | Structural analysis request: {'shape': 'circular_column', 'material_type': 'steel', 'length': 6.0, 'width': 0.3, 'depth': 0.5, 'axial_load_kn': 0.0, 'bending_moment_knm': 120.0, 'shear_force_kn': 80.0, 'inclination_deg': 0.0, 'exposure_class': 'moderate', 'concrete_fck_mpa': 30.0, 'steel_application': 'structural'}
2026-04-28 00:40:10 | WARNING  | app.services.enhanced_steel_service | Enhanced steel models not fully loaded (['enhanced_mech_model', 'enhanced_thermal_model', 'enhanced_repair_model', 'enhanced_use_model']) — returning mock response
2026-04-28 11:33:12 | INFO     | app.routers.structural | Structural analysis request: {'shape': 'rectangular_beam', 'material_type': 'steel', 'length': 6.0, 'width': 0.3, 'depth': 0.5, 'axial_load_kn': 0.0, 'bending_moment_knm': 120.0, 'shear_force_kn': 80.0, 'inclination_deg': 0.0, 'exposure_class': 'moderate', 'concrete_fck_mpa': 30.0, 'steel_application': 'structural'}
2026-04-28 11:33:12 | WARNING  | app.services.enhanced_steel_service | Enhanced steel models not fully loaded (['enhanced_mech_model', 'enhanced_thermal_model', 'enhanced_repair_model', 'enhanced_use_model']) — returning mock response
2026-04-28 11:38:02 | INFO     | app.main | MatML API starting up — loading ML models...
2026-04-28 11:38:05 | INFO     | app.ml.loader | Loaded model artifact: concrete_best_model.pkl
2026-04-28 11:38:06 | INFO     | app.ml.loader | Loaded model artifact: concrete_scaler.pkl
2026-04-28 11:38:06 | INFO     | app.ml.loader | Loaded model artifact: steel_best_model.pkl
2026-04-28 11:38:06 | INFO     | app.ml.loader | Loaded model artifact: steel_scaler.pkl
2026-04-28 11:38:07 | INFO     | app.ml.loader | Loaded model artifact: materials_reg_model.pkl
2026-04-28 11:38:07 | INFO     | app.ml.loader | Loaded model artifact: materials_cls_model.pkl
2026-04-28 11:38:07 | INFO     | app.ml.loader | Loaded model artifact: materials_scaler.pkl
2026-04-28 11:38:07 | ERROR    | app.ml.loader | Failed to load enhanced_steel_mech_model.pkl: node array from the pickle has an incompatible dtype:
- expected: {'names': ['left_child', 'right_child', 'feature', 'threshold', 'impurity', 'n_node_samples', 'weighted_n_node_samples', 'missing_go_to_left'], 'formats': ['<i8', '<i8', '<i8', '<f8', '<f8', '<i8', '<f8', 'u1'], 'offsets': [0, 8, 16, 24, 32, 40, 48, 56], 'itemsize': 64}
- got     : [('left_child', '<i8'), ('right_child', '<i8'), ('feature', '<i8'), ('threshold', '<f8'), ('impurity', '<f8'), ('n_node_samples', '<i8'), ('weighted_n_node_samples', '<f8')]
2026-04-28 11:38:07 | INFO     | app.ml.loader | Loaded model artifact: enhanced_steel_mech_scaler.pkl
2026-04-28 11:38:07 | ERROR    | app.ml.loader | Failed to load enhanced_steel_thermal_model.pkl: node array from the pickle has an incompatible dtype:
- expected: {'names': ['left_child', 'right_child', 'feature', 'threshold', 'impurity', 'n_node_samples', 'weighted_n_node_samples', 'missing_go_to_left'], 'formats': ['<i8', '<i8', '<i8', '<f8', '<f8', '<i8', '<f8', 'u1'], 'offsets': [0, 8, 16, 24, 32, 40, 48, 56], 'itemsize': 64}
- got     : [('left_child', '<i8'), ('right_child', '<i8'), ('feature', '<i8'), ('threshold', '<f8'), ('impurity', '<f8'), ('n_node_samples', '<i8'), ('weighted_n_node_samples', '<f8')]
2026-04-28 11:38:07 | INFO     | app.ml.loader | Loaded model artifact: enhanced_steel_thermal_scaler.pkl
2026-04-28 11:38:07 | INFO     | app.ml.loader | Loaded model artifact: enhanced_steel_strength_model.pkl
2026-04-28 11:38:07 | INFO     | app.ml.loader | Loaded model artifact: enhanced_steel_strength_scaler.pkl
2026-04-28 11:38:07 | ERROR    | app.ml.loader | Failed to load enhanced_steel_repair_model.pkl: node array from the pickle has an incompatible dtype:
- expected: {'names': ['left_child', 'right_child', 'feature', 'threshold', 'impurity', 'n_node_samples', 'weighted_n_node_samples', 'missing_go_to_left'], 'formats': ['<i8', '<i8', '<i8', '<f8', '<f8', '<i8', '<f8', 'u1'], 'offsets': [0, 8, 16, 24, 32, 40, 48, 56], 'itemsize': 64}
- got     : [('left_child', '<i8'), ('right_child', '<i8'), ('feature', '<i8'), ('threshold', '<f8'), ('impurity', '<f8'), ('n_node_samples', '<i8'), ('weighted_n_node_samples', '<f8')]
2026-04-28 11:38:07 | INFO     | app.ml.loader | Loaded model artifact: enhanced_steel_degrade_model.pkl
2026-04-28 11:38:07 | ERROR    | app.ml.loader | Failed to load enhanced_steel_use_model.pkl: node array from the pickle has an incompatible dtype:
- expected: {'names': ['left_child', 'right_child', 'feature', 'threshold', 'impurity', 'n_node_samples', 'weighted_n_node_samples', 'missing_go_to_left'], 'formats': ['<i8', '<i8', '<i8', '<f8', '<f8', '<i8', '<f8', 'u1'], 'offsets': [0, 8, 16, 24, 32, 40, 48, 56], 'itemsize': 64}
- got     : [('left_child', '<i8'), ('right_child', '<i8'), ('feature', '<i8'), ('threshold', '<f8'), ('impurity', '<f8'), ('n_node_samples', '<i8'), ('weighted_n_node_samples', '<f8')]
2026-04-28 11:38:07 | INFO     | app.ml.loader | Models ready: ['concrete_model', 'concrete_scaler', 'steel_model', 'steel_scaler', 'materials_reg_model', 'materials_cls_model', 'materials_scaler', 'enhanced_mech_scaler', 'enhanced_thermal_scaler', 'enhanced_strength_model', 'enhanced_strength_scaler', 'enhanced_degrade_model']
2026-04-28 11:38:07 | WARNING  | app.ml.loader | Models in MOCK mode: ['enhanced_mech_model', 'enhanced_thermal_model', 'enhanced_repair_model', 'enhanced_use_model']
2026-04-28 11:38:07 | INFO     | app.main | Startup complete. Live models: ['concrete_model', 'concrete_scaler', 'steel_model', 'steel_scaler', 'materials_reg_model', 'materials_cls_model', 'materials_scaler', 'enhanced_mech_scaler', 'enhanced_thermal_scaler', 'enhanced_strength_model', 'enhanced_strength_scaler', 'enhanced_degrade_model']
2026-04-28 11:38:28 | INFO     | app.main | MatML API shutting down.
2026-04-28 11:38:28 | INFO     | app.main | MatML API shutting down.
2026-04-28 23:05:38 | INFO     | app.main | MatML API starting up — loading ML models...
2026-04-28 23:05:43 | INFO     | app.ml.loader | Loaded model artifact: concrete_best_model.pkl
2026-04-28 23:05:43 | INFO     | app.ml.loader | Loaded model artifact: concrete_scaler.pkl
2026-04-28 23:05:44 | INFO     | app.ml.loader | Loaded model artifact: steel_best_model.pkl
2026-04-28 23:05:44 | INFO     | app.ml.loader | Loaded model artifact: steel_scaler.pkl
2026-04-28 23:05:44 | INFO     | app.ml.loader | Loaded model artifact: materials_reg_model.pkl
2026-04-28 23:05:44 | INFO     | app.ml.loader | Loaded model artifact: materials_cls_model.pkl
2026-04-28 23:05:44 | INFO     | app.ml.loader | Loaded model artifact: materials_scaler.pkl
2026-04-28 23:05:44 | INFO     | app.ml.loader | Loaded model artifact: enhanced_steel_mech_model.pkl
2026-04-28 23:05:44 | INFO     | app.ml.loader | Loaded model artifact: enhanced_steel_mech_scaler.pkl
2026-04-28 23:05:45 | INFO     | app.ml.loader | Loaded model artifact: enhanced_steel_thermal_model.pkl
2026-04-28 23:05:45 | INFO     | app.ml.loader | Loaded model artifact: enhanced_steel_thermal_scaler.pkl
2026-04-28 23:05:45 | INFO     | app.ml.loader | Loaded model artifact: enhanced_steel_strength_model.pkl
2026-04-28 23:05:45 | INFO     | app.ml.loader | Loaded model artifact: enhanced_steel_strength_scaler.pkl
2026-04-28 23:05:45 | INFO     | app.ml.loader | Loaded model artifact: enhanced_steel_repair_model.pkl
2026-04-28 23:05:45 | INFO     | app.ml.loader | Loaded model artifact: enhanced_steel_degrade_model.pkl
2026-04-28 23:05:45 | INFO     | app.ml.loader | Loaded model artifact: enhanced_steel_use_model.pkl
2026-04-28 23:05:45 | INFO     | app.ml.loader | Models ready: ['concrete_model', 'concrete_scaler', 'steel_model', 'steel_scaler', 'materials_reg_model', 'materials_cls_model', 'materials_scaler', 'enhanced_mech_model', 'enhanced_mech_scaler', 'enhanced_thermal_model', 'enhanced_thermal_scaler', 'enhanced_strength_model', 'enhanced_strength_scaler', 'enhanced_repair_model', 'enhanced_degrade_model', 'enhanced_use_model']
2026-04-28 23:05:45 | INFO     | app.main | Startup complete. Live models: ['concrete_model', 'concrete_scaler', 'steel_model', 'steel_scaler', 'materials_reg_model', 'materials_cls_model', 'materials_scaler', 'enhanced_mech_model', 'enhanced_mech_scaler', 'enhanced_thermal_model', 'enhanced_thermal_scaler', 'enhanced_strength_model', 'enhanced_strength_scaler', 'enhanced_repair_model', 'enhanced_degrade_model', 'enhanced_use_model']
2026-04-28 23:23:55 | INFO     | app.routers.concrete | Concrete prediction request received: {'cement': 350.0, 'blast_furnace_slag': 0.0, 'fly_ash': 0.0, 'water': 185.0, 'superplasticizer': 6.0, 'coarse_aggregate': 1000.0, 'fine_aggregate': 750.0, 'age': 28}
2026-04-28 23:24:21 | INFO     | app.routers.enhanced_steel | Enhanced steel prediction request: app=structural repairs=2
2026-04-28 23:24:22 | WARNING  | app.ml.enhanced_steel_inference | SHAP failed for enhanced steel module: bad operand type for abs(): 'list'
2026-04-28 23:24:43 | INFO     | app.routers.structural | Structural analysis request: {'shape': 'rectangular_beam', 'material_type': 'concrete', 'length': 6.0, 'width': 0.3, 'depth': 0.5, 'axial_load_kn': 0.0, 'bending_moment_knm': 120.0, 'shear_force_kn': 80.0, 'inclination_deg': 0.0, 'exposure_class': 'moderate', 'construction_type': 'commercial', 'predicted_concrete_fck_mpa': None, 'predicted_steel_sy_mpa': None}
2026-04-28 23:25:12 | INFO     | app.routers.enhanced_steel | Enhanced steel prediction request: app=structural repairs=0
2026-04-28 23:25:13 | WARNING  | app.ml.enhanced_steel_inference | SHAP failed for enhanced steel module: bad operand type for abs(): 'list'
2026-04-28 23:25:13 | INFO     | app.routers.enhanced_steel | Enhanced steel prediction request: app=structural repairs=0
2026-04-28 23:25:14 | WARNING  | app.ml.enhanced_steel_inference | SHAP failed for enhanced steel module: bad operand type for abs(): 'list'
2026-04-28 23:25:14 | INFO     | app.routers.enhanced_steel | Enhanced steel prediction request: app=structural repairs=2
2026-04-28 23:25:15 | WARNING  | app.ml.enhanced_steel_inference | SHAP failed for enhanced steel module: bad operand type for abs(): 'list'
2026-04-28 23:25:15 | INFO     | app.routers.enhanced_steel | Enhanced steel prediction request: app=structural repairs=3
2026-04-28 23:25:16 | WARNING  | app.ml.enhanced_steel_inference | SHAP failed for enhanced steel module: bad operand type for abs(): 'list'
2026-04-28 23:25:16 | INFO     | app.routers.enhanced_steel | Enhanced steel prediction request: app=structural repairs=5
2026-04-28 23:25:17 | WARNING  | app.ml.enhanced_steel_inference | SHAP failed for enhanced steel module: bad operand type for abs(): 'list'
2026-04-28 23:25:17 | INFO     | app.routers.enhanced_steel | Enhanced steel prediction request: app=structural repairs=1
2026-04-28 23:25:18 | WARNING  | app.ml.enhanced_steel_inference | SHAP failed for enhanced steel module: bad operand type for abs(): 'list'
2026-04-28 23:25:18 | INFO     | app.routers.enhanced_steel | Enhanced steel prediction request: app=structural repairs=4
2026-04-28 23:25:19 | WARNING  | app.ml.enhanced_steel_inference | SHAP failed for enhanced steel module: bad operand type for abs(): 'list'
2026-04-28 23:25:19 | INFO     | app.routers.enhanced_steel | Enhanced steel prediction request: app=structural repairs=7
2026-04-28 23:25:20 | WARNING  | app.ml.enhanced_steel_inference | SHAP failed for enhanced steel module: bad operand type for abs(): 'list'
2026-04-28 23:25:20 | INFO     | app.routers.enhanced_steel | Enhanced steel prediction request: app=structural repairs=10
2026-04-28 23:25:22 | WARNING  | app.ml.enhanced_steel_inference | SHAP failed for enhanced steel module: bad operand type for abs(): 'list'
2026-04-28 23:25:22 | INFO     | app.routers.enhanced_steel | Enhanced steel prediction request: app=structural repairs=8
2026-04-28 23:25:23 | WARNING  | app.ml.enhanced_steel_inference | SHAP failed for enhanced steel module: bad operand type for abs(): 'list'
2026-04-28 23:25:23 | INFO     | app.routers.enhanced_steel | Enhanced steel prediction request: app=structural repairs=9
2026-04-28 23:25:24 | WARNING  | app.ml.enhanced_steel_inference | SHAP failed for enhanced steel module: bad operand type for abs(): 'list'
2026-04-28 23:25:24 | INFO     | app.routers.enhanced_steel | Enhanced steel prediction request: app=structural repairs=6
2026-04-28 23:25:25 | WARNING  | app.ml.enhanced_steel_inference | SHAP failed for enhanced steel module: bad operand type for abs(): 'list'
2026-04-28 23:25:25 | INFO     | app.routers.enhanced_steel | Enhanced steel prediction request: app=structural repairs=4
2026-04-28 23:25:26 | WARNING  | app.ml.enhanced_steel_inference | SHAP failed for enhanced steel module: bad operand type for abs(): 'list'
2026-04-28 23:25:26 | INFO     | app.routers.enhanced_steel | Enhanced steel prediction request: app=structural repairs=2
2026-04-28 23:25:27 | WARNING  | app.ml.enhanced_steel_inference | SHAP failed for enhanced steel module: bad operand type for abs(): 'list'
2026-04-28 23:25:27 | INFO     | app.routers.enhanced_steel | Enhanced steel prediction request: app=structural repairs=3
2026-04-28 23:25:28 | WARNING  | app.ml.enhanced_steel_inference | SHAP failed for enhanced steel module: bad operand type for abs(): 'list'
2026-04-28 23:25:28 | INFO     | app.routers.enhanced_steel | Enhanced steel prediction request: app=structural repairs=1
2026-04-28 23:25:29 | WARNING  | app.ml.enhanced_steel_inference | SHAP failed for enhanced steel module: bad operand type for abs(): 'list'
2026-04-28 23:25:29 | INFO     | app.routers.enhanced_steel | Enhanced steel prediction request: app=structural repairs=0
2026-04-28 23:25:30 | WARNING  | app.ml.enhanced_steel_inference | SHAP failed for enhanced steel module: bad operand type for abs(): 'list'
2026-04-28 23:25:30 | INFO     | app.routers.enhanced_steel | Enhanced steel prediction request: app=structural repairs=9
2026-04-28 23:25:31 | WARNING  | app.ml.enhanced_steel_inference | SHAP failed for enhanced steel module: bad operand type for abs(): 'list'
2026-04-28 23:25:31 | INFO     | app.routers.enhanced_steel | Enhanced steel prediction request: app=structural repairs=7
2026-04-28 23:25:33 | WARNING  | app.ml.enhanced_steel_inference | SHAP failed for enhanced steel module: bad operand type for abs(): 'list'
2026-04-28 23:25:33 | INFO     | app.routers.enhanced_steel | Enhanced steel prediction request: app=structural repairs=8
2026-04-28 23:25:34 | WARNING  | app.ml.enhanced_steel_inference | SHAP failed for enhanced steel module: bad operand type for abs(): 'list'
2026-04-28 23:25:34 | INFO     | app.routers.enhanced_steel | Enhanced steel prediction request: app=structural repairs=6
2026-04-28 23:25:35 | WARNING  | app.ml.enhanced_steel_inference | SHAP failed for enhanced steel module: bad operand type for abs(): 'list'
2026-04-28 23:25:35 | INFO     | app.routers.enhanced_steel | Enhanced steel prediction request: app=structural repairs=5
2026-04-28 23:25:36 | WARNING  | app.ml.enhanced_steel_inference | SHAP failed for enhanced steel module: bad operand type for abs(): 'list'
2026-04-28 23:25:36 | INFO     | app.routers.enhanced_steel | Enhanced steel prediction request: app=structural repairs=10
2026-04-28 23:25:37 | WARNING  | app.ml.enhanced_steel_inference | SHAP failed for enhanced steel module: bad operand type for abs(): 'list'
2026-04-28 23:25:38 | INFO     | app.routers.structural | Structural analysis request: {'shape': 'rectangular_beam', 'material_type': 'concrete', 'length': 6.0, 'width': 0.3, 'depth': 0.5, 'axial_load_kn': 0.0, 'bending_moment_knm': 120.0, 'shear_force_kn': 80.0, 'inclination_deg': 0.0, 'exposure_class': 'moderate', 'construction_type': 'commercial', 'predicted_concrete_fck_mpa': None, 'predicted_steel_sy_mpa': 1166.27}
2026-04-28 23:25:47 | INFO     | app.routers.enhanced_steel | Enhanced steel prediction request: app=structural repairs=0
2026-04-28 23:25:49 | WARNING  | app.ml.enhanced_steel_inference | SHAP failed for enhanced steel module: bad operand type for abs(): 'list'
2026-04-28 23:25:49 | INFO     | app.routers.enhanced_steel | Enhanced steel prediction request: app=structural repairs=4
2026-04-28 23:25:50 | WARNING  | app.ml.enhanced_steel_inference | SHAP failed for enhanced steel module: bad operand type for abs(): 'list'
2026-04-28 23:25:50 | INFO     | app.routers.enhanced_steel | Enhanced steel prediction request: app=structural repairs=3
2026-04-28 23:25:51 | WARNING  | app.ml.enhanced_steel_inference | SHAP failed for enhanced steel module: bad operand type for abs(): 'list'
2026-04-28 23:25:51 | INFO     | app.routers.enhanced_steel | Enhanced steel prediction request: app=structural repairs=5
2026-04-28 23:25:52 | WARNING  | app.ml.enhanced_steel_inference | SHAP failed for enhanced steel module: bad operand type for abs(): 'list'
2026-04-28 23:25:52 | INFO     | app.routers.enhanced_steel | Enhanced steel prediction request: app=structural repairs=1
2026-04-28 23:25:53 | WARNING  | app.ml.enhanced_steel_inference | SHAP failed for enhanced steel module: bad operand type for abs(): 'list'
2026-04-28 23:25:53 | INFO     | app.routers.enhanced_steel | Enhanced steel prediction request: app=structural repairs=2
2026-04-28 23:25:54 | WARNING  | app.ml.enhanced_steel_inference | SHAP failed for enhanced steel module: bad operand type for abs(): 'list'
2026-04-28 23:25:54 | INFO     | app.routers.enhanced_steel | Enhanced steel prediction request: app=structural repairs=6
2026-04-28 23:25:55 | WARNING  | app.ml.enhanced_steel_inference | SHAP failed for enhanced steel module: bad operand type for abs(): 'list'
2026-04-28 23:25:55 | INFO     | app.routers.enhanced_steel | Enhanced steel prediction request: app=structural repairs=7
2026-04-28 23:25:56 | WARNING  | app.ml.enhanced_steel_inference | SHAP failed for enhanced steel module: bad operand type for abs(): 'list'
2026-04-28 23:25:56 | INFO     | app.routers.enhanced_steel | Enhanced steel prediction request: app=structural repairs=10
2026-04-28 23:25:57 | WARNING  | app.ml.enhanced_steel_inference | SHAP failed for enhanced steel module: bad operand type for abs(): 'list'
2026-04-28 23:25:57 | INFO     | app.routers.enhanced_steel | Enhanced steel prediction request: app=structural repairs=8
2026-04-28 23:25:58 | WARNING  | app.ml.enhanced_steel_inference | SHAP failed for enhanced steel module: bad operand type for abs(): 'list'
2026-04-28 23:25:58 | INFO     | app.routers.enhanced_steel | Enhanced steel prediction request: app=structural repairs=9
2026-04-28 23:25:59 | WARNING  | app.ml.enhanced_steel_inference | SHAP failed for enhanced steel module: bad operand type for abs(): 'list'
2026-04-28 23:25:59 | INFO     | app.routers.enhanced_steel | Enhanced steel prediction request: app=structural repairs=2
2026-04-28 23:26:00 | WARNING  | app.ml.enhanced_steel_inference | SHAP failed for enhanced steel module: bad operand type for abs(): 'list'
2026-04-28 23:26:00 | INFO     | app.routers.enhanced_steel | Enhanced steel prediction request: app=structural repairs=3
2026-04-28 23:26:01 | WARNING  | app.ml.enhanced_steel_inference | SHAP failed for enhanced steel module: bad operand type for abs(): 'list'
2026-04-28 23:26:01 | INFO     | app.routers.enhanced_steel | Enhanced steel prediction request: app=structural repairs=1
2026-04-28 23:26:02 | WARNING  | app.ml.enhanced_steel_inference | SHAP failed for enhanced steel module: bad operand type for abs(): 'list'
2026-04-28 23:26:02 | INFO     | app.routers.enhanced_steel | Enhanced steel prediction request: app=structural repairs=0
2026-04-28 23:26:04 | WARNING  | app.ml.enhanced_steel_inference | SHAP failed for enhanced steel module: bad operand type for abs(): 'list'
2026-04-28 23:26:04 | INFO     | app.routers.enhanced_steel | Enhanced steel prediction request: app=structural repairs=4
2026-04-28 23:26:05 | WARNING  | app.ml.enhanced_steel_inference | SHAP failed for enhanced steel module: bad operand type for abs(): 'list'
2026-04-28 23:26:05 | INFO     | app.routers.enhanced_steel | Enhanced steel prediction request: app=structural repairs=9
2026-04-28 23:26:06 | WARNING  | app.ml.enhanced_steel_inference | SHAP failed for enhanced steel module: bad operand type for abs(): 'list'
2026-04-28 23:26:06 | INFO     | app.routers.enhanced_steel | Enhanced steel prediction request: app=structural repairs=8
2026-04-28 23:26:07 | WARNING  | app.ml.enhanced_steel_inference | SHAP failed for enhanced steel module: bad operand type for abs(): 'list'
2026-04-28 23:26:07 | INFO     | app.routers.enhanced_steel | Enhanced steel prediction request: app=structural repairs=7
2026-04-28 23:26:08 | WARNING  | app.ml.enhanced_steel_inference | SHAP failed for enhanced steel module: bad operand type for abs(): 'list'
2026-04-28 23:26:08 | INFO     | app.routers.enhanced_steel | Enhanced steel prediction request: app=structural repairs=6
2026-04-28 23:26:09 | WARNING  | app.ml.enhanced_steel_inference | SHAP failed for enhanced steel module: bad operand type for abs(): 'list'
2026-04-28 23:26:09 | INFO     | app.routers.enhanced_steel | Enhanced steel prediction request: app=structural repairs=5
2026-04-28 23:26:10 | WARNING  | app.ml.enhanced_steel_inference | SHAP failed for enhanced steel module: bad operand type for abs(): 'list'
2026-04-28 23:26:10 | INFO     | app.routers.enhanced_steel | Enhanced steel prediction request: app=structural repairs=10
2026-04-28 23:26:11 | WARNING  | app.ml.enhanced_steel_inference | SHAP failed for enhanced steel module: bad operand type for abs(): 'list'
2026-04-28 23:27:11 | INFO     | app.routers.enhanced_steel | Enhanced steel prediction request: app=structural repairs=0
2026-04-28 23:27:12 | WARNING  | app.ml.enhanced_steel_inference | SHAP failed for enhanced steel module: bad operand type for abs(): 'list'
2026-04-28 23:27:12 | INFO     | app.routers.enhanced_steel | Enhanced steel prediction request: app=structural repairs=0
2026-04-28 23:27:14 | WARNING  | app.ml.enhanced_steel_inference | SHAP failed for enhanced steel module: bad operand type for abs(): 'list'
2026-04-28 23:27:14 | INFO     | app.routers.enhanced_steel | Enhanced steel prediction request: app=structural repairs=3
2026-04-28 23:27:15 | WARNING  | app.ml.enhanced_steel_inference | SHAP failed for enhanced steel module: bad operand type for abs(): 'list'
2026-04-28 23:27:15 | INFO     | app.routers.enhanced_steel | Enhanced steel prediction request: app=structural repairs=2
2026-04-28 23:27:16 | WARNING  | app.ml.enhanced_steel_inference | SHAP failed for enhanced steel module: bad operand type for abs(): 'list'
2026-04-28 23:27:16 | INFO     | app.routers.enhanced_steel | Enhanced steel prediction request: app=structural repairs=1
2026-04-28 23:27:17 | WARNING  | app.ml.enhanced_steel_inference | SHAP failed for enhanced steel module: bad operand type for abs(): 'list'
2026-04-28 23:27:17 | INFO     | app.routers.enhanced_steel | Enhanced steel prediction request: app=structural repairs=5
2026-04-28 23:27:18 | WARNING  | app.ml.enhanced_steel_inference | SHAP failed for enhanced steel module: bad operand type for abs(): 'list'
2026-04-28 23:27:18 | INFO     | app.routers.enhanced_steel | Enhanced steel prediction request: app=structural repairs=4
2026-04-28 23:27:19 | WARNING  | app.ml.enhanced_steel_inference | SHAP failed for enhanced steel module: bad operand type for abs(): 'list'
2026-04-28 23:27:19 | INFO     | app.routers.enhanced_steel | Enhanced steel prediction request: app=structural repairs=10
2026-04-28 23:27:21 | WARNING  | app.ml.enhanced_steel_inference | SHAP failed for enhanced steel module: bad operand type for abs(): 'list'
2026-04-28 23:27:21 | INFO     | app.routers.enhanced_steel | Enhanced steel prediction request: app=structural repairs=9
2026-04-28 23:27:22 | WARNING  | app.ml.enhanced_steel_inference | SHAP failed for enhanced steel module: bad operand type for abs(): 'list'
2026-04-28 23:27:22 | INFO     | app.routers.enhanced_steel | Enhanced steel prediction request: app=structural repairs=8
2026-04-28 23:27:23 | WARNING  | app.ml.enhanced_steel_inference | SHAP failed for enhanced steel module: bad operand type for abs(): 'list'
2026-04-28 23:27:23 | INFO     | app.routers.enhanced_steel | Enhanced steel prediction request: app=structural repairs=6
2026-04-28 23:27:24 | WARNING  | app.ml.enhanced_steel_inference | SHAP failed for enhanced steel module: bad operand type for abs(): 'list'
2026-04-28 23:27:24 | INFO     | app.routers.enhanced_steel | Enhanced steel prediction request: app=structural repairs=7
2026-04-28 23:27:25 | WARNING  | app.ml.enhanced_steel_inference | SHAP failed for enhanced steel module: bad operand type for abs(): 'list'
2026-04-28 23:27:25 | INFO     | app.routers.enhanced_steel | Enhanced steel prediction request: app=structural repairs=2
2026-04-28 23:27:26 | WARNING  | app.ml.enhanced_steel_inference | SHAP failed for enhanced steel module: bad operand type for abs(): 'list'
2026-04-28 23:27:26 | INFO     | app.routers.enhanced_steel | Enhanced steel prediction request: app=structural repairs=0
2026-04-28 23:27:27 | WARNING  | app.ml.enhanced_steel_inference | SHAP failed for enhanced steel module: bad operand type for abs(): 'list'
2026-04-28 23:27:27 | INFO     | app.routers.enhanced_steel | Enhanced steel prediction request: app=structural repairs=1
2026-04-28 23:27:28 | WARNING  | app.ml.enhanced_steel_inference | SHAP failed for enhanced steel module: bad operand type for abs(): 'list'
2026-04-28 23:27:28 | INFO     | app.routers.enhanced_steel | Enhanced steel prediction request: app=structural repairs=3
2026-04-28 23:27:29 | WARNING  | app.ml.enhanced_steel_inference | SHAP failed for enhanced steel module: bad operand type for abs(): 'list'
2026-04-28 23:27:29 | INFO     | app.routers.enhanced_steel | Enhanced steel prediction request: app=structural repairs=4
2026-04-28 23:27:30 | WARNING  | app.ml.enhanced_steel_inference | SHAP failed for enhanced steel module: bad operand type for abs(): 'list'
2026-04-28 23:27:30 | INFO     | app.routers.enhanced_steel | Enhanced steel prediction request: app=structural repairs=9
2026-04-28 23:27:31 | WARNING  | app.ml.enhanced_steel_inference | SHAP failed for enhanced steel module: bad operand type for abs(): 'list'
2026-04-28 23:27:31 | INFO     | app.routers.enhanced_steel | Enhanced steel prediction request: app=structural repairs=7
2026-04-28 23:27:32 | WARNING  | app.ml.enhanced_steel_inference | SHAP failed for enhanced steel module: bad operand type for abs(): 'list'
2026-04-28 23:27:32 | INFO     | app.routers.enhanced_steel | Enhanced steel prediction request: app=structural repairs=8
2026-04-28 23:27:33 | WARNING  | app.ml.enhanced_steel_inference | SHAP failed for enhanced steel module: bad operand type for abs(): 'list'
2026-04-28 23:27:33 | INFO     | app.routers.enhanced_steel | Enhanced steel prediction request: app=structural repairs=6
2026-04-28 23:27:34 | WARNING  | app.ml.enhanced_steel_inference | SHAP failed for enhanced steel module: bad operand type for abs(): 'list'
2026-04-28 23:27:34 | INFO     | app.routers.enhanced_steel | Enhanced steel prediction request: app=structural repairs=5
2026-04-28 23:27:35 | WARNING  | app.ml.enhanced_steel_inference | SHAP failed for enhanced steel module: bad operand type for abs(): 'list'
2026-04-28 23:27:35 | INFO     | app.routers.enhanced_steel | Enhanced steel prediction request: app=structural repairs=10
2026-04-28 23:27:36 | WARNING  | app.ml.enhanced_steel_inference | SHAP failed for enhanced steel module: bad operand type for abs(): 'list'
2026-04-28 23:29:17 | INFO     | app.routers.enhanced_steel | Enhanced steel prediction request: app=structural repairs=0
2026-04-28 23:29:18 | WARNING  | app.ml.enhanced_steel_inference | SHAP failed for enhanced steel module: bad operand type for abs(): 'list'
2026-04-28 23:29:18 | INFO     | app.routers.enhanced_steel | Enhanced steel prediction request: app=structural repairs=1
2026-04-28 23:29:19 | WARNING  | app.ml.enhanced_steel_inference | SHAP failed for enhanced steel module: bad operand type for abs(): 'list'
2026-04-28 23:29:19 | INFO     | app.routers.enhanced_steel | Enhanced steel prediction request: app=structural repairs=6
2026-04-28 23:29:20 | WARNING  | app.ml.enhanced_steel_inference | SHAP failed for enhanced steel module: bad operand type for abs(): 'list'
2026-04-28 23:29:20 | INFO     | app.routers.enhanced_steel | Enhanced steel prediction request: app=structural repairs=3
2026-04-28 23:29:21 | WARNING  | app.ml.enhanced_steel_inference | SHAP failed for enhanced steel module: bad operand type for abs(): 'list'
2026-04-28 23:29:21 | INFO     | app.routers.enhanced_steel | Enhanced steel prediction request: app=structural repairs=5
2026-04-28 23:29:22 | WARNING  | app.ml.enhanced_steel_inference | SHAP failed for enhanced steel module: bad operand type for abs(): 'list'
2026-04-28 23:29:22 | INFO     | app.routers.enhanced_steel | Enhanced steel prediction request: app=structural repairs=4
2026-04-28 23:29:23 | WARNING  | app.ml.enhanced_steel_inference | SHAP failed for enhanced steel module: bad operand type for abs(): 'list'
2026-04-28 23:29:23 | INFO     | app.routers.enhanced_steel | Enhanced steel prediction request: app=structural repairs=2
2026-04-28 23:29:24 | WARNING  | app.ml.enhanced_steel_inference | SHAP failed for enhanced steel module: bad operand type for abs(): 'list'
2026-04-28 23:29:24 | INFO     | app.routers.enhanced_steel | Enhanced steel prediction request: app=structural repairs=0
2026-04-28 23:29:25 | WARNING  | app.ml.enhanced_steel_inference | SHAP failed for enhanced steel module: bad operand type for abs(): 'list'
2026-04-28 23:29:25 | INFO     | app.routers.enhanced_steel | Enhanced steel prediction request: app=structural repairs=10
2026-04-28 23:29:26 | WARNING  | app.ml.enhanced_steel_inference | SHAP failed for enhanced steel module: bad operand type for abs(): 'list'
2026-04-28 23:29:26 | INFO     | app.routers.enhanced_steel | Enhanced steel prediction request: app=structural repairs=9
2026-04-28 23:29:27 | WARNING  | app.ml.enhanced_steel_inference | SHAP failed for enhanced steel module: bad operand type for abs(): 'list'
2026-04-28 23:29:27 | INFO     | app.routers.enhanced_steel | Enhanced steel prediction request: app=structural repairs=8
2026-04-28 23:29:28 | WARNING  | app.ml.enhanced_steel_inference | SHAP failed for enhanced steel module: bad operand type for abs(): 'list'
2026-04-28 23:29:28 | INFO     | app.routers.enhanced_steel | Enhanced steel prediction request: app=structural repairs=7
2026-04-28 23:29:29 | WARNING  | app.ml.enhanced_steel_inference | SHAP failed for enhanced steel module: bad operand type for abs(): 'list'
2026-04-28 23:29:29 | INFO     | app.routers.enhanced_steel | Enhanced steel prediction request: app=structural repairs=5
2026-04-28 23:29:30 | WARNING  | app.ml.enhanced_steel_inference | SHAP failed for enhanced steel module: bad operand type for abs(): 'list'
2026-04-28 23:29:30 | INFO     | app.routers.enhanced_steel | Enhanced steel prediction request: app=structural repairs=4
2026-04-28 23:29:31 | WARNING  | app.ml.enhanced_steel_inference | SHAP failed for enhanced steel module: bad operand type for abs(): 'list'
2026-04-28 23:29:31 | INFO     | app.routers.enhanced_steel | Enhanced steel prediction request: app=structural repairs=3
2026-04-28 23:29:32 | WARNING  | app.ml.enhanced_steel_inference | SHAP failed for enhanced steel module: bad operand type for abs(): 'list'
2026-04-28 23:29:32 | INFO     | app.routers.enhanced_steel | Enhanced steel prediction request: app=structural repairs=2
2026-04-28 23:29:33 | WARNING  | app.ml.enhanced_steel_inference | SHAP failed for enhanced steel module: bad operand type for abs(): 'list'
2026-04-28 23:29:33 | INFO     | app.routers.enhanced_steel | Enhanced steel prediction request: app=structural repairs=1
2026-04-28 23:29:33 | WARNING  | app.ml.enhanced_steel_inference | SHAP failed for enhanced steel module: bad operand type for abs(): 'list'
2026-04-28 23:29:33 | INFO     | app.routers.enhanced_steel | Enhanced steel prediction request: app=structural repairs=10
2026-04-28 23:29:34 | WARNING  | app.ml.enhanced_steel_inference | SHAP failed for enhanced steel module: bad operand type for abs(): 'list'
2026-04-28 23:29:34 | INFO     | app.routers.enhanced_steel | Enhanced steel prediction request: app=structural repairs=9
2026-04-28 23:29:35 | WARNING  | app.ml.enhanced_steel_inference | SHAP failed for enhanced steel module: bad operand type for abs(): 'list'
2026-04-28 23:29:35 | INFO     | app.routers.enhanced_steel | Enhanced steel prediction request: app=structural repairs=8
2026-04-28 23:29:36 | WARNING  | app.ml.enhanced_steel_inference | SHAP failed for enhanced steel module: bad operand type for abs(): 'list'
2026-04-28 23:29:36 | INFO     | app.routers.enhanced_steel | Enhanced steel prediction request: app=structural repairs=7
2026-04-28 23:29:37 | WARNING  | app.ml.enhanced_steel_inference | SHAP failed for enhanced steel module: bad operand type for abs(): 'list'
2026-04-28 23:29:37 | INFO     | app.routers.enhanced_steel | Enhanced steel prediction request: app=structural repairs=6
2026-04-28 23:29:38 | WARNING  | app.ml.enhanced_steel_inference | SHAP failed for enhanced steel module: bad operand type for abs(): 'list'
2026-04-28 23:30:32 | INFO     | app.routers.enhanced_steel | Enhanced steel prediction request: app=structural repairs=0
2026-04-28 23:30:34 | WARNING  | app.ml.enhanced_steel_inference | SHAP failed for enhanced steel module: bad operand type for abs(): 'list'
2026-04-28 23:30:34 | INFO     | app.routers.enhanced_steel | Enhanced steel prediction request: app=structural repairs=3
2026-04-28 23:30:35 | WARNING  | app.ml.enhanced_steel_inference | SHAP failed for enhanced steel module: bad operand type for abs(): 'list'
2026-04-28 23:30:35 | INFO     | app.routers.enhanced_steel | Enhanced steel prediction request: app=structural repairs=5
2026-04-28 23:30:36 | WARNING  | app.ml.enhanced_steel_inference | SHAP failed for enhanced steel module: bad operand type for abs(): 'list'
2026-04-28 23:30:36 | INFO     | app.routers.enhanced_steel | Enhanced steel prediction request: app=structural repairs=4
2026-04-28 23:30:37 | WARNING  | app.ml.enhanced_steel_inference | SHAP failed for enhanced steel module: bad operand type for abs(): 'list'
2026-04-28 23:30:37 | INFO     | app.routers.enhanced_steel | Enhanced steel prediction request: app=structural repairs=1
2026-04-28 23:30:38 | WARNING  | app.ml.enhanced_steel_inference | SHAP failed for enhanced steel module: bad operand type for abs(): 'list'
2026-04-28 23:30:38 | INFO     | app.routers.enhanced_steel | Enhanced steel prediction request: app=structural repairs=2
2026-04-28 23:30:39 | WARNING  | app.ml.enhanced_steel_inference | SHAP failed for enhanced steel module: bad operand type for abs(): 'list'
2026-04-28 23:30:39 | INFO     | app.routers.enhanced_steel | Enhanced steel prediction request: app=structural repairs=10
2026-04-28 23:30:40 | WARNING  | app.ml.enhanced_steel_inference | SHAP failed for enhanced steel module: bad operand type for abs(): 'list'
2026-04-28 23:30:40 | INFO     | app.routers.enhanced_steel | Enhanced steel prediction request: app=structural repairs=6
2026-04-28 23:30:41 | WARNING  | app.ml.enhanced_steel_inference | SHAP failed for enhanced steel module: bad operand type for abs(): 'list'
2026-04-28 23:30:41 | INFO     | app.routers.enhanced_steel | Enhanced steel prediction request: app=structural repairs=8
2026-04-28 23:30:42 | WARNING  | app.ml.enhanced_steel_inference | SHAP failed for enhanced steel module: bad operand type for abs(): 'list'
2026-04-28 23:30:42 | INFO     | app.routers.enhanced_steel | Enhanced steel prediction request: app=structural repairs=7
2026-04-28 23:30:43 | WARNING  | app.ml.enhanced_steel_inference | SHAP failed for enhanced steel module: bad operand type for abs(): 'list'
2026-04-28 23:30:43 | INFO     | app.routers.enhanced_steel | Enhanced steel prediction request: app=structural repairs=9
2026-04-28 23:30:44 | WARNING  | app.ml.enhanced_steel_inference | SHAP failed for enhanced steel module: bad operand type for abs(): 'list'
2026-04-28 23:30:44 | INFO     | app.routers.enhanced_steel | Enhanced steel prediction request: app=structural repairs=4
2026-04-28 23:30:45 | WARNING  | app.ml.enhanced_steel_inference | SHAP failed for enhanced steel module: bad operand type for abs(): 'list'
2026-04-28 23:30:45 | INFO     | app.routers.enhanced_steel | Enhanced steel prediction request: app=structural repairs=3
2026-04-28 23:30:47 | WARNING  | app.ml.enhanced_steel_inference | SHAP failed for enhanced steel module: bad operand type for abs(): 'list'
2026-04-28 23:30:47 | INFO     | app.routers.enhanced_steel | Enhanced steel prediction request: app=structural repairs=2
2026-04-28 23:30:47 | WARNING  | app.ml.enhanced_steel_inference | SHAP failed for enhanced steel module: bad operand type for abs(): 'list'
2026-04-28 23:30:47 | INFO     | app.routers.enhanced_steel | Enhanced steel prediction request: app=structural repairs=1
2026-04-28 23:30:48 | WARNING  | app.ml.enhanced_steel_inference | SHAP failed for enhanced steel module: bad operand type for abs(): 'list'
2026-04-28 23:30:48 | INFO     | app.routers.enhanced_steel | Enhanced steel prediction request: app=structural repairs=0
2026-04-28 23:30:49 | WARNING  | app.ml.enhanced_steel_inference | SHAP failed for enhanced steel module: bad operand type for abs(): 'list'
2026-04-28 23:30:49 | INFO     | app.routers.enhanced_steel | Enhanced steel prediction request: app=structural repairs=9
2026-04-28 23:30:50 | WARNING  | app.ml.enhanced_steel_inference | SHAP failed for enhanced steel module: bad operand type for abs(): 'list'
2026-04-28 23:30:50 | INFO     | app.routers.enhanced_steel | Enhanced steel prediction request: app=structural repairs=8
2026-04-28 23:30:51 | WARNING  | app.ml.enhanced_steel_inference | SHAP failed for enhanced steel module: bad operand type for abs(): 'list'
2026-04-28 23:30:51 | INFO     | app.routers.enhanced_steel | Enhanced steel prediction request: app=structural repairs=7
2026-04-28 23:30:52 | WARNING  | app.ml.enhanced_steel_inference | SHAP failed for enhanced steel module: bad operand type for abs(): 'list'
2026-04-28 23:30:52 | INFO     | app.routers.enhanced_steel | Enhanced steel prediction request: app=structural repairs=6
2026-04-28 23:30:53 | WARNING  | app.ml.enhanced_steel_inference | SHAP failed for enhanced steel module: bad operand type for abs(): 'list'
2026-04-28 23:30:53 | INFO     | app.routers.enhanced_steel | Enhanced steel prediction request: app=structural repairs=5
2026-04-28 23:30:54 | WARNING  | app.ml.enhanced_steel_inference | SHAP failed for enhanced steel module: bad operand type for abs(): 'list'
2026-04-28 23:30:54 | INFO     | app.routers.enhanced_steel | Enhanced steel prediction request: app=structural repairs=10
2026-04-28 23:30:55 | WARNING  | app.ml.enhanced_steel_inference | SHAP failed for enhanced steel module: bad operand type for abs(): 'list'
